1,"26, 04, 2022 --> 16:39:21"
2,"26, 04, 2022 --> 16:39:21"
3,"26, 04, 2022 --> 16:39:21"
4,"26, 04, 2022 --> 16:39:21"
5,"26, 04, 2022 --> 16:39:21"
6,"26, 04, 2022 --> 16:39:21"
7,"26, 04, 2022 --> 16:39:21"
8,"26, 04, 2022 --> 16:39:22"
9,"26, 04, 2022 --> 16:39:22"
10,"26, 04, 2022 --> 16:39:22"
11,"26, 04, 2022 --> 16:39:22"
12,"26, 04, 2022 --> 16:39:22"
13,"26, 04, 2022 --> 16:39:22"
14,"26, 04, 2022 --> 16:39:22"
15,"26, 04, 2022 --> 16:39:22"
16,"26, 04, 2022 --> 16:39:22"
17,"26, 04, 2022 --> 16:39:22"
18,"26, 04, 2022 --> 16:39:22"
19,"26, 04, 2022 --> 16:39:22"
20,"26, 04, 2022 --> 16:39:22"
21,"26, 04, 2022 --> 16:39:22"
22,"26, 04, 2022 --> 16:39:22"
23,"26, 04, 2022 --> 16:39:22"
24,"26, 04, 2022 --> 16:39:22"
25,"26, 04, 2022 --> 16:39:22"
26,"26, 04, 2022 --> 16:39:22"
27,"26, 04, 2022 --> 16:39:22"
28,"26, 04, 2022 --> 16:39:23"
29,"26, 04, 2022 --> 16:39:23"
30,"26, 04, 2022 --> 16:39:23"
31,"26, 04, 2022 --> 16:39:23"
32,"26, 04, 2022 --> 16:39:23"
33,"26, 04, 2022 --> 16:39:23"
34,"26, 04, 2022 --> 16:39:23"
35,"26, 04, 2022 --> 16:39:23"
36,"26, 04, 2022 --> 16:39:23"
37,"26, 04, 2022 --> 16:39:23"
38,"26, 04, 2022 --> 16:39:23"
39,"26, 04, 2022 --> 16:39:23"
40,"26, 04, 2022 --> 16:39:23"
41,"26, 04, 2022 --> 16:39:23"
42,"26, 04, 2022 --> 16:39:23"
43,"26, 04, 2022 --> 16:39:23"
44,"26, 04, 2022 --> 16:39:23"
45,"26, 04, 2022 --> 16:39:23"
46,"26, 04, 2022 --> 16:39:23"
47,"26, 04, 2022 --> 16:39:23"
48,"26, 04, 2022 --> 16:39:24"
49,"26, 04, 2022 --> 16:39:24"
50,"26, 04, 2022 --> 16:39:24"
51,"26, 04, 2022 --> 16:39:24"
52,"26, 04, 2022 --> 16:39:24"
53,"26, 04, 2022 --> 16:39:24"
54,"26, 04, 2022 --> 16:39:24"
55,"26, 04, 2022 --> 16:39:24"
56,"26, 04, 2022 --> 16:39:24"
57,"26, 04, 2022 --> 16:39:24"
58,"26, 04, 2022 --> 16:39:24"
59,"26, 04, 2022 --> 16:39:24"
60,"26, 04, 2022 --> 16:39:24"
61,"26, 04, 2022 --> 16:39:24"
62,"26, 04, 2022 --> 16:39:24"
63,"26, 04, 2022 --> 16:39:24"
64,"26, 04, 2022 --> 16:39:24"
65,"26, 04, 2022 --> 16:39:24"
66,"26, 04, 2022 --> 16:39:24"
67,"26, 04, 2022 --> 16:39:24"
68,"26, 04, 2022 --> 16:39:25"
69,"26, 04, 2022 --> 16:39:25"
70,"26, 04, 2022 --> 16:39:25"
71,"26, 04, 2022 --> 16:39:25"
72,"26, 04, 2022 --> 16:39:25"
73,"26, 04, 2022 --> 16:39:25"
74,"26, 04, 2022 --> 16:39:25"
75,"26, 04, 2022 --> 16:39:25"
76,"26, 04, 2022 --> 16:39:25"
77,"26, 04, 2022 --> 16:39:25"
78,"26, 04, 2022 --> 16:39:25"
79,"26, 04, 2022 --> 16:39:25"
80,"26, 04, 2022 --> 16:39:25"
81,"26, 04, 2022 --> 16:39:25"
82,"26, 04, 2022 --> 16:39:25"
83,"26, 04, 2022 --> 16:39:25"
84,"26, 04, 2022 --> 16:39:25"
85,"26, 04, 2022 --> 16:39:25"
86,"26, 04, 2022 --> 16:39:25"
87,"26, 04, 2022 --> 16:39:25"
88,"26, 04, 2022 --> 16:39:26"
89,"26, 04, 2022 --> 16:39:26"
90,"26, 04, 2022 --> 16:39:26"
91,"26, 04, 2022 --> 16:39:26"
92,"26, 04, 2022 --> 16:39:26"
93,"26, 04, 2022 --> 16:39:26"
94,"26, 04, 2022 --> 16:39:26"
95,"26, 04, 2022 --> 16:39:26"
96,"26, 04, 2022 --> 16:39:26"
97,"26, 04, 2022 --> 16:39:26"
98,"26, 04, 2022 --> 16:39:26"
99,"26, 04, 2022 --> 16:39:26"
100,"26, 04, 2022 --> 16:39:26"
101,"26, 04, 2022 --> 16:39:26"
102,"26, 04, 2022 --> 16:39:26"
103,"26, 04, 2022 --> 16:39:26"
104,"26, 04, 2022 --> 16:39:26"
105,"26, 04, 2022 --> 16:39:26"
106,"26, 04, 2022 --> 16:39:26"
107,"26, 04, 2022 --> 16:39:26"
108,"26, 04, 2022 --> 16:39:27"
109,"26, 04, 2022 --> 16:39:27"
110,"26, 04, 2022 --> 16:39:27"
111,"26, 04, 2022 --> 16:39:27"
112,"26, 04, 2022 --> 16:39:27"
113,"26, 04, 2022 --> 16:39:27"
114,"26, 04, 2022 --> 16:39:27"
115,"26, 04, 2022 --> 16:39:27"
116,"26, 04, 2022 --> 16:39:27"
117,"26, 04, 2022 --> 16:39:27"
118,"26, 04, 2022 --> 16:39:27"
119,"26, 04, 2022 --> 16:39:27"
120,"26, 04, 2022 --> 16:39:27"
121,"26, 04, 2022 --> 16:39:27"
122,"26, 04, 2022 --> 16:39:27"
123,"26, 04, 2022 --> 16:39:27"
124,"26, 04, 2022 --> 16:39:27"
125,"26, 04, 2022 --> 16:39:27"
126,"26, 04, 2022 --> 16:39:27"
127,"26, 04, 2022 --> 16:39:27"
128,"26, 04, 2022 --> 16:39:28"
129,"26, 04, 2022 --> 16:39:28"
130,"26, 04, 2022 --> 16:39:28"
131,"26, 04, 2022 --> 16:39:28"
132,"26, 04, 2022 --> 16:39:28"
133,"26, 04, 2022 --> 16:39:28"
134,"26, 04, 2022 --> 16:39:28"
135,"26, 04, 2022 --> 16:39:28"
136,"26, 04, 2022 --> 16:39:28"
137,"26, 04, 2022 --> 16:39:28"
138,"26, 04, 2022 --> 16:39:28"
139,"26, 04, 2022 --> 16:39:28"
140,"26, 04, 2022 --> 16:39:28"
141,"26, 04, 2022 --> 16:39:28"
142,"26, 04, 2022 --> 16:39:28"
143,"26, 04, 2022 --> 16:39:28"
144,"26, 04, 2022 --> 16:39:28"
145,"26, 04, 2022 --> 16:39:28"
146,"26, 04, 2022 --> 16:39:28"
147,"26, 04, 2022 --> 16:39:28"
148,"26, 04, 2022 --> 16:39:29"
149,"26, 04, 2022 --> 16:39:29"
150,"26, 04, 2022 --> 16:39:29"
151,"26, 04, 2022 --> 16:39:29"
152,"26, 04, 2022 --> 16:39:29"
153,"26, 04, 2022 --> 16:39:29"
154,"26, 04, 2022 --> 16:39:29"
155,"26, 04, 2022 --> 16:39:29"
156,"26, 04, 2022 --> 16:39:29"
157,"26, 04, 2022 --> 16:39:29"
158,"26, 04, 2022 --> 16:39:29"
159,"26, 04, 2022 --> 16:39:29"
160,"26, 04, 2022 --> 16:39:29"
161,"26, 04, 2022 --> 16:39:29"
162,"26, 04, 2022 --> 16:39:29"
163,"26, 04, 2022 --> 16:39:29"
164,"26, 04, 2022 --> 16:39:29"
165,"26, 04, 2022 --> 16:39:29"
166,"26, 04, 2022 --> 16:39:29"
167,"26, 04, 2022 --> 16:39:29"
168,"26, 04, 2022 --> 16:39:30"
169,"26, 04, 2022 --> 16:39:30"
170,"26, 04, 2022 --> 16:39:30"
171,"26, 04, 2022 --> 16:39:30"
172,"26, 04, 2022 --> 16:39:30"
173,"26, 04, 2022 --> 16:39:30"
174,"26, 04, 2022 --> 16:39:30"
175,"26, 04, 2022 --> 16:39:30"
176,"26, 04, 2022 --> 16:39:30"
177,"26, 04, 2022 --> 16:39:30"
178,"26, 04, 2022 --> 16:39:30"
179,"26, 04, 2022 --> 16:39:30"
180,"26, 04, 2022 --> 16:39:30"
181,"26, 04, 2022 --> 16:39:30"
182,"26, 04, 2022 --> 16:39:30"
183,"26, 04, 2022 --> 16:39:30"
184,"26, 04, 2022 --> 16:39:30"
185,"26, 04, 2022 --> 16:39:30"
186,"26, 04, 2022 --> 16:39:30"
187,"26, 04, 2022 --> 16:39:30"
188,"26, 04, 2022 --> 16:39:31"
189,"26, 04, 2022 --> 16:39:31"
190,"26, 04, 2022 --> 16:39:31"
191,"26, 04, 2022 --> 16:39:31"
192,"26, 04, 2022 --> 16:39:31"
193,"26, 04, 2022 --> 16:39:31"
194,"26, 04, 2022 --> 16:39:31"
195,"26, 04, 2022 --> 16:39:31"
196,"26, 04, 2022 --> 16:39:31"
197,"26, 04, 2022 --> 16:39:31"
198,"26, 04, 2022 --> 16:39:31"
199,"26, 04, 2022 --> 16:39:31"
200,"26, 04, 2022 --> 16:39:31"
201,"26, 04, 2022 --> 16:39:31"
202,"26, 04, 2022 --> 16:39:31"
203,"26, 04, 2022 --> 16:39:31"
204,"26, 04, 2022 --> 16:39:31"
205,"26, 04, 2022 --> 16:39:31"
206,"26, 04, 2022 --> 16:39:31"
207,"26, 04, 2022 --> 16:39:31"
208,"26, 04, 2022 --> 16:39:32"
209,"26, 04, 2022 --> 16:39:32"
210,"26, 04, 2022 --> 16:39:32"
211,"26, 04, 2022 --> 16:39:32"
212,"26, 04, 2022 --> 16:39:32"
213,"26, 04, 2022 --> 16:39:32"
214,"26, 04, 2022 --> 16:39:32"
215,"26, 04, 2022 --> 16:39:32"
216,"26, 04, 2022 --> 16:39:32"
217,"26, 04, 2022 --> 16:39:32"
218,"26, 04, 2022 --> 16:39:32"
219,"26, 04, 2022 --> 16:39:32"
220,"26, 04, 2022 --> 16:39:32"
221,"26, 04, 2022 --> 16:39:32"
222,"26, 04, 2022 --> 16:39:32"
223,"26, 04, 2022 --> 16:39:32"
224,"26, 04, 2022 --> 16:39:32"
225,"26, 04, 2022 --> 16:39:32"
226,"26, 04, 2022 --> 16:39:32"
227,"26, 04, 2022 --> 16:39:32"
228,"26, 04, 2022 --> 16:39:33"
229,"26, 04, 2022 --> 16:39:33"
230,"26, 04, 2022 --> 16:39:33"
231,"26, 04, 2022 --> 16:39:33"
232,"26, 04, 2022 --> 16:39:33"
233,"26, 04, 2022 --> 16:39:33"
234,"26, 04, 2022 --> 16:39:33"
235,"26, 04, 2022 --> 16:39:33"
236,"26, 04, 2022 --> 16:39:33"
237,"26, 04, 2022 --> 16:39:33"
238,"26, 04, 2022 --> 16:39:33"
239,"26, 04, 2022 --> 16:39:33"
240,"26, 04, 2022 --> 16:39:33"
241,"26, 04, 2022 --> 16:39:33"
242,"26, 04, 2022 --> 16:39:33"
243,"26, 04, 2022 --> 16:39:33"
244,"26, 04, 2022 --> 16:39:33"
245,"26, 04, 2022 --> 16:39:33"
246,"26, 04, 2022 --> 16:39:33"
247,"26, 04, 2022 --> 16:39:33"
248,"26, 04, 2022 --> 16:39:34"
249,"26, 04, 2022 --> 16:39:34"
250,"26, 04, 2022 --> 16:39:34"
251,"26, 04, 2022 --> 16:39:34"
252,"26, 04, 2022 --> 16:39:34"
253,"26, 04, 2022 --> 16:39:34"
254,"26, 04, 2022 --> 16:39:34"
255,"26, 04, 2022 --> 16:39:34"
256,"26, 04, 2022 --> 16:39:34"
257,"26, 04, 2022 --> 16:39:34"
258,"26, 04, 2022 --> 16:39:34"
259,"26, 04, 2022 --> 16:39:34"
260,"26, 04, 2022 --> 16:39:34"
261,"26, 04, 2022 --> 16:39:34"
262,"26, 04, 2022 --> 16:39:34"
263,"26, 04, 2022 --> 16:39:34"
264,"26, 04, 2022 --> 16:39:34"
265,"26, 04, 2022 --> 16:39:34"
266,"26, 04, 2022 --> 16:39:34"
267,"26, 04, 2022 --> 16:39:34"
268,"26, 04, 2022 --> 16:39:35"
269,"26, 04, 2022 --> 16:39:35"
270,"26, 04, 2022 --> 16:39:35"
271,"26, 04, 2022 --> 16:39:35"
272,"26, 04, 2022 --> 16:39:35"
273,"26, 04, 2022 --> 16:39:35"
274,"26, 04, 2022 --> 16:39:35"
275,"26, 04, 2022 --> 16:39:35"
276,"26, 04, 2022 --> 16:39:35"
277,"26, 04, 2022 --> 16:39:35"
278,"26, 04, 2022 --> 16:39:35"
279,"26, 04, 2022 --> 16:39:35"
280,"26, 04, 2022 --> 16:39:35"
281,"26, 04, 2022 --> 16:39:35"
282,"26, 04, 2022 --> 16:39:35"
283,"26, 04, 2022 --> 16:39:35"
284,"26, 04, 2022 --> 16:39:35"
285,"26, 04, 2022 --> 16:39:35"
286,"26, 04, 2022 --> 16:39:35"
287,"26, 04, 2022 --> 16:39:35"
288,"26, 04, 2022 --> 16:39:36"
289,"26, 04, 2022 --> 16:39:36"
290,"26, 04, 2022 --> 16:39:36"
291,"26, 04, 2022 --> 16:39:36"
292,"26, 04, 2022 --> 16:39:36"
293,"26, 04, 2022 --> 16:39:36"
294,"26, 04, 2022 --> 16:39:36"
295,"26, 04, 2022 --> 16:39:36"
296,"26, 04, 2022 --> 16:39:36"
297,"26, 04, 2022 --> 16:39:36"
298,"26, 04, 2022 --> 16:39:36"
299,"26, 04, 2022 --> 16:39:36"
300,"26, 04, 2022 --> 16:39:36"
301,"26, 04, 2022 --> 16:39:36"
302,"26, 04, 2022 --> 16:39:36"
303,"26, 04, 2022 --> 16:39:36"
304,"26, 04, 2022 --> 16:39:36"
305,"26, 04, 2022 --> 16:39:36"
306,"26, 04, 2022 --> 16:39:36"
307,"26, 04, 2022 --> 16:39:36"
308,"26, 04, 2022 --> 16:39:37"
309,"26, 04, 2022 --> 16:39:37"
310,"26, 04, 2022 --> 16:39:37"
311,"26, 04, 2022 --> 16:39:37"
312,"26, 04, 2022 --> 16:39:37"
313,"26, 04, 2022 --> 16:39:37"
314,"26, 04, 2022 --> 16:39:37"
315,"26, 04, 2022 --> 16:39:37"
316,"26, 04, 2022 --> 16:39:37"
317,"26, 04, 2022 --> 16:39:37"
318,"26, 04, 2022 --> 16:39:37"
319,"26, 04, 2022 --> 16:39:37"
320,"26, 04, 2022 --> 16:39:37"
321,"26, 04, 2022 --> 16:39:37"
322,"26, 04, 2022 --> 16:39:37"
323,"26, 04, 2022 --> 16:39:37"
324,"26, 04, 2022 --> 16:39:37"
325,"26, 04, 2022 --> 16:39:37"
326,"26, 04, 2022 --> 16:39:37"
327,"26, 04, 2022 --> 16:39:37"
328,"26, 04, 2022 --> 16:39:38"
329,"26, 04, 2022 --> 16:39:38"
330,"26, 04, 2022 --> 16:39:38"
331,"26, 04, 2022 --> 16:39:38"
332,"26, 04, 2022 --> 16:39:38"
333,"26, 04, 2022 --> 16:39:38"
334,"26, 04, 2022 --> 16:39:38"
335,"26, 04, 2022 --> 16:39:38"
336,"26, 04, 2022 --> 16:39:38"
337,"26, 04, 2022 --> 16:39:38"
338,"26, 04, 2022 --> 16:39:38"
339,"26, 04, 2022 --> 16:39:38"
340,"26, 04, 2022 --> 16:39:38"
341,"26, 04, 2022 --> 16:39:38"
342,"26, 04, 2022 --> 16:39:38"
343,"26, 04, 2022 --> 16:39:38"
344,"26, 04, 2022 --> 16:39:38"
345,"26, 04, 2022 --> 16:39:38"
346,"26, 04, 2022 --> 16:39:38"
347,"26, 04, 2022 --> 16:39:38"
348,"26, 04, 2022 --> 16:39:39"
349,"26, 04, 2022 --> 16:39:39"
350,"26, 04, 2022 --> 16:39:39"
351,"26, 04, 2022 --> 16:39:39"
352,"26, 04, 2022 --> 16:39:39"
353,"26, 04, 2022 --> 16:39:39"
354,"26, 04, 2022 --> 16:39:39"
355,"26, 04, 2022 --> 16:39:39"
356,"26, 04, 2022 --> 16:39:39"
357,"26, 04, 2022 --> 16:39:39"
358,"26, 04, 2022 --> 16:39:39"
359,"26, 04, 2022 --> 16:39:39"
360,"26, 04, 2022 --> 16:39:39"
361,"26, 04, 2022 --> 16:39:39"
362,"26, 04, 2022 --> 16:39:39"
363,"26, 04, 2022 --> 16:39:39"
364,"26, 04, 2022 --> 16:39:39"
365,"26, 04, 2022 --> 16:39:39"
366,"26, 04, 2022 --> 16:39:39"
367,"26, 04, 2022 --> 16:39:39"
368,"26, 04, 2022 --> 16:39:40"
369,"26, 04, 2022 --> 16:39:40"
370,"26, 04, 2022 --> 16:39:40"
371,"26, 04, 2022 --> 16:39:40"
372,"26, 04, 2022 --> 16:39:40"
373,"26, 04, 2022 --> 16:39:40"
374,"26, 04, 2022 --> 16:39:40"
375,"26, 04, 2022 --> 16:39:40"
376,"26, 04, 2022 --> 16:39:40"
377,"26, 04, 2022 --> 16:39:40"
378,"26, 04, 2022 --> 16:39:40"
379,"26, 04, 2022 --> 16:39:40"
380,"26, 04, 2022 --> 16:39:40"
381,"26, 04, 2022 --> 16:39:40"
382,"26, 04, 2022 --> 16:39:40"
383,"26, 04, 2022 --> 16:39:40"
384,"26, 04, 2022 --> 16:39:40"
385,"26, 04, 2022 --> 16:39:40"
386,"26, 04, 2022 --> 16:39:40"
387,"26, 04, 2022 --> 16:39:40"
388,"26, 04, 2022 --> 16:39:41"
389,"26, 04, 2022 --> 16:39:41"
390,"26, 04, 2022 --> 16:39:41"
391,"26, 04, 2022 --> 16:39:41"
392,"26, 04, 2022 --> 16:39:41"
393,"26, 04, 2022 --> 16:39:41"
394,"26, 04, 2022 --> 16:39:41"
395,"26, 04, 2022 --> 16:39:41"
396,"26, 04, 2022 --> 16:39:41"
397,"26, 04, 2022 --> 16:39:41"
398,"26, 04, 2022 --> 16:39:41"
399,"26, 04, 2022 --> 16:39:41"
400,"26, 04, 2022 --> 16:39:41"
401,"26, 04, 2022 --> 16:39:41"
402,"26, 04, 2022 --> 16:39:41"
403,"26, 04, 2022 --> 16:39:41"
404,"26, 04, 2022 --> 16:39:41"
405,"26, 04, 2022 --> 16:39:41"
406,"26, 04, 2022 --> 16:39:41"
407,"26, 04, 2022 --> 16:39:41"
408,"26, 04, 2022 --> 16:39:42"
409,"26, 04, 2022 --> 16:39:42"
410,"26, 04, 2022 --> 16:39:42"
411,"26, 04, 2022 --> 16:39:42"
412,"26, 04, 2022 --> 16:39:42"
413,"26, 04, 2022 --> 16:39:42"
414,"26, 04, 2022 --> 16:39:42"
415,"26, 04, 2022 --> 16:39:42"
416,"26, 04, 2022 --> 16:39:42"
417,"26, 04, 2022 --> 16:39:42"
418,"26, 04, 2022 --> 16:39:42"
419,"26, 04, 2022 --> 16:39:42"
420,"26, 04, 2022 --> 16:39:42"
421,"26, 04, 2022 --> 16:39:42"
422,"26, 04, 2022 --> 16:39:42"
423,"26, 04, 2022 --> 16:39:42"
424,"26, 04, 2022 --> 16:39:42"
425,"26, 04, 2022 --> 16:39:42"
426,"26, 04, 2022 --> 16:39:42"
427,"26, 04, 2022 --> 16:39:42"
428,"26, 04, 2022 --> 16:39:43"
429,"26, 04, 2022 --> 16:39:43"
430,"26, 04, 2022 --> 16:39:43"
431,"26, 04, 2022 --> 16:39:43"
432,"26, 04, 2022 --> 16:39:43"
433,"26, 04, 2022 --> 16:39:43"
434,"26, 04, 2022 --> 16:39:43"
435,"26, 04, 2022 --> 16:39:43"
436,"26, 04, 2022 --> 16:39:43"
437,"26, 04, 2022 --> 16:39:43"
438,"26, 04, 2022 --> 16:39:43"
439,"26, 04, 2022 --> 16:39:43"
440,"26, 04, 2022 --> 16:39:43"
441,"26, 04, 2022 --> 16:39:43"
442,"26, 04, 2022 --> 16:39:43"
443,"26, 04, 2022 --> 16:39:43"
444,"26, 04, 2022 --> 16:39:43"
445,"26, 04, 2022 --> 16:39:43"
446,"26, 04, 2022 --> 16:39:43"
447,"26, 04, 2022 --> 16:39:43"
448,"26, 04, 2022 --> 16:39:44"
449,"26, 04, 2022 --> 16:39:44"
450,"26, 04, 2022 --> 16:39:44"
451,"26, 04, 2022 --> 16:39:44"
452,"26, 04, 2022 --> 16:39:44"
453,"26, 04, 2022 --> 16:39:44"
454,"26, 04, 2022 --> 16:39:44"
455,"26, 04, 2022 --> 16:39:44"
456,"26, 04, 2022 --> 16:39:44"
457,"26, 04, 2022 --> 16:39:44"
458,"26, 04, 2022 --> 16:39:44"
459,"26, 04, 2022 --> 16:39:44"
460,"26, 04, 2022 --> 16:39:44"
461,"26, 04, 2022 --> 16:39:44"
462,"26, 04, 2022 --> 16:39:44"
463,"26, 04, 2022 --> 16:39:44"
464,"26, 04, 2022 --> 16:39:44"
465,"26, 04, 2022 --> 16:39:44"
466,"26, 04, 2022 --> 16:39:44"
467,"26, 04, 2022 --> 16:39:44"
468,"26, 04, 2022 --> 16:39:45"
469,"26, 04, 2022 --> 16:39:45"
470,"26, 04, 2022 --> 16:39:45"
471,"26, 04, 2022 --> 16:39:45"
472,"26, 04, 2022 --> 16:39:45"
473,"26, 04, 2022 --> 16:39:45"
474,"26, 04, 2022 --> 16:39:45"
475,"26, 04, 2022 --> 16:39:45"
476,"26, 04, 2022 --> 16:39:45"
477,"26, 04, 2022 --> 16:39:45"
478,"26, 04, 2022 --> 16:39:45"
479,"26, 04, 2022 --> 16:39:45"
480,"26, 04, 2022 --> 16:39:45"
481,"26, 04, 2022 --> 16:39:45"
482,"26, 04, 2022 --> 16:39:45"
483,"26, 04, 2022 --> 16:39:45"
484,"26, 04, 2022 --> 16:39:45"
485,"26, 04, 2022 --> 16:39:45"
486,"26, 04, 2022 --> 16:39:45"
487,"26, 04, 2022 --> 16:39:45"
488,"26, 04, 2022 --> 16:39:46"
489,"26, 04, 2022 --> 16:39:46"
490,"26, 04, 2022 --> 16:39:46"
491,"26, 04, 2022 --> 16:39:46"
492,"26, 04, 2022 --> 16:39:46"
493,"26, 04, 2022 --> 16:39:46"
494,"26, 04, 2022 --> 16:39:46"
495,"26, 04, 2022 --> 16:39:46"
496,"26, 04, 2022 --> 16:39:46"
497,"26, 04, 2022 --> 16:39:46"
498,"26, 04, 2022 --> 16:39:46"
499,"26, 04, 2022 --> 16:39:46"
500,"26, 04, 2022 --> 16:39:46"
501,"26, 04, 2022 --> 16:39:46"
502,"26, 04, 2022 --> 16:39:46"
503,"26, 04, 2022 --> 16:39:46"
504,"26, 04, 2022 --> 16:39:46"
505,"26, 04, 2022 --> 16:39:46"
506,"26, 04, 2022 --> 16:39:46"
507,"26, 04, 2022 --> 16:39:46"
508,"26, 04, 2022 --> 16:39:47"
509,"26, 04, 2022 --> 16:39:47"
510,"26, 04, 2022 --> 16:39:47"
511,"26, 04, 2022 --> 16:39:47"
512,"26, 04, 2022 --> 16:39:47"
513,"26, 04, 2022 --> 16:39:47"
514,"26, 04, 2022 --> 16:39:47"
515,"26, 04, 2022 --> 16:39:47"
516,"26, 04, 2022 --> 16:39:47"
517,"26, 04, 2022 --> 16:39:47"
518,"26, 04, 2022 --> 16:39:47"
519,"26, 04, 2022 --> 16:39:47"
520,"26, 04, 2022 --> 16:39:47"
521,"26, 04, 2022 --> 16:39:47"
522,"26, 04, 2022 --> 16:39:47"
523,"26, 04, 2022 --> 16:39:47"
524,"26, 04, 2022 --> 16:39:47"
525,"26, 04, 2022 --> 16:39:47"
526,"26, 04, 2022 --> 16:39:47"
527,"26, 04, 2022 --> 16:39:47"
528,"26, 04, 2022 --> 16:39:48"
529,"26, 04, 2022 --> 16:39:48"
530,"26, 04, 2022 --> 16:39:48"
531,"26, 04, 2022 --> 16:39:48"
532,"26, 04, 2022 --> 16:39:48"
533,"26, 04, 2022 --> 16:39:48"
534,"26, 04, 2022 --> 16:39:48"
535,"26, 04, 2022 --> 16:39:48"
536,"26, 04, 2022 --> 16:39:48"
537,"26, 04, 2022 --> 16:39:48"
538,"26, 04, 2022 --> 16:39:48"
539,"26, 04, 2022 --> 16:39:48"
540,"26, 04, 2022 --> 16:39:48"
541,"26, 04, 2022 --> 16:39:48"
542,"26, 04, 2022 --> 16:39:48"
543,"26, 04, 2022 --> 16:39:48"
544,"26, 04, 2022 --> 16:39:48"
545,"26, 04, 2022 --> 16:39:48"
546,"26, 04, 2022 --> 16:39:48"
547,"26, 04, 2022 --> 16:39:48"
548,"26, 04, 2022 --> 16:39:49"
549,"26, 04, 2022 --> 16:39:49"
550,"26, 04, 2022 --> 16:39:49"
551,"26, 04, 2022 --> 16:39:49"
552,"26, 04, 2022 --> 16:39:49"
553,"26, 04, 2022 --> 16:39:49"
554,"26, 04, 2022 --> 16:39:49"
555,"26, 04, 2022 --> 16:39:49"
556,"26, 04, 2022 --> 16:39:49"
557,"26, 04, 2022 --> 16:39:49"
558,"26, 04, 2022 --> 16:39:49"
559,"26, 04, 2022 --> 16:39:49"
560,"26, 04, 2022 --> 16:39:49"
561,"26, 04, 2022 --> 16:39:49"
562,"26, 04, 2022 --> 16:39:49"
563,"26, 04, 2022 --> 16:39:49"
564,"26, 04, 2022 --> 16:39:49"
565,"26, 04, 2022 --> 16:39:49"
566,"26, 04, 2022 --> 16:39:49"
567,"26, 04, 2022 --> 16:39:49"
568,"26, 04, 2022 --> 16:39:50"
569,"26, 04, 2022 --> 16:39:50"
570,"26, 04, 2022 --> 16:39:50"
571,"26, 04, 2022 --> 16:39:50"
572,"26, 04, 2022 --> 16:39:50"
573,"26, 04, 2022 --> 16:39:50"
574,"26, 04, 2022 --> 16:39:50"
575,"26, 04, 2022 --> 16:39:50"
576,"26, 04, 2022 --> 16:39:50"
577,"26, 04, 2022 --> 16:39:50"
578,"26, 04, 2022 --> 16:39:50"
579,"26, 04, 2022 --> 16:39:50"
580,"26, 04, 2022 --> 16:39:50"
581,"26, 04, 2022 --> 16:39:50"
582,"26, 04, 2022 --> 16:39:50"
583,"26, 04, 2022 --> 16:39:50"
584,"26, 04, 2022 --> 16:39:50"
585,"26, 04, 2022 --> 16:39:50"
586,"26, 04, 2022 --> 16:39:50"
587,"26, 04, 2022 --> 16:39:50"
588,"26, 04, 2022 --> 16:39:51"
589,"26, 04, 2022 --> 16:39:51"
590,"26, 04, 2022 --> 16:39:51"
591,"26, 04, 2022 --> 16:39:51"
592,"26, 04, 2022 --> 16:39:51"
593,"26, 04, 2022 --> 16:39:51"
594,"26, 04, 2022 --> 16:39:51"
595,"26, 04, 2022 --> 16:39:51"
596,"26, 04, 2022 --> 16:39:51"
597,"26, 04, 2022 --> 16:39:51"
598,"26, 04, 2022 --> 16:39:51"
599,"26, 04, 2022 --> 16:39:51"
600,"26, 04, 2022 --> 16:39:51"
601,"26, 04, 2022 --> 16:39:51"
602,"26, 04, 2022 --> 16:39:51"
603,"26, 04, 2022 --> 16:39:51"
604,"26, 04, 2022 --> 16:39:51"
605,"26, 04, 2022 --> 16:39:51"
606,"26, 04, 2022 --> 16:39:51"
607,"26, 04, 2022 --> 16:39:51"
608,"26, 04, 2022 --> 16:39:52"
609,"26, 04, 2022 --> 16:39:52"
610,"26, 04, 2022 --> 16:39:52"
611,"26, 04, 2022 --> 16:39:52"
612,"26, 04, 2022 --> 16:39:52"
613,"26, 04, 2022 --> 16:39:52"
614,"26, 04, 2022 --> 16:39:52"
615,"26, 04, 2022 --> 16:39:52"
616,"26, 04, 2022 --> 16:39:52"
617,"26, 04, 2022 --> 16:39:52"
618,"26, 04, 2022 --> 16:39:52"
619,"26, 04, 2022 --> 16:39:52"
620,"26, 04, 2022 --> 16:39:52"
621,"26, 04, 2022 --> 16:39:52"
622,"26, 04, 2022 --> 16:39:52"
623,"26, 04, 2022 --> 16:39:52"
624,"26, 04, 2022 --> 16:39:52"
625,"26, 04, 2022 --> 16:39:52"
626,"26, 04, 2022 --> 16:39:52"
627,"26, 04, 2022 --> 16:39:52"
628,"26, 04, 2022 --> 16:39:53"
629,"26, 04, 2022 --> 16:39:53"
630,"26, 04, 2022 --> 16:39:53"
631,"26, 04, 2022 --> 16:39:53"
632,"26, 04, 2022 --> 16:39:53"
633,"26, 04, 2022 --> 16:39:53"
634,"26, 04, 2022 --> 16:39:53"
635,"26, 04, 2022 --> 16:39:53"
636,"26, 04, 2022 --> 16:39:53"
637,"26, 04, 2022 --> 16:39:53"
638,"26, 04, 2022 --> 16:39:53"
639,"26, 04, 2022 --> 16:39:53"
640,"26, 04, 2022 --> 16:39:53"
641,"26, 04, 2022 --> 16:39:53"
642,"26, 04, 2022 --> 16:39:53"
643,"26, 04, 2022 --> 16:39:53"
644,"26, 04, 2022 --> 16:39:53"
645,"26, 04, 2022 --> 16:39:53"
646,"26, 04, 2022 --> 16:39:53"
647,"26, 04, 2022 --> 16:39:53"
648,"26, 04, 2022 --> 16:39:54"
649,"26, 04, 2022 --> 16:39:54"
650,"26, 04, 2022 --> 16:39:54"
651,"26, 04, 2022 --> 16:39:54"
652,"26, 04, 2022 --> 16:39:54"
653,"26, 04, 2022 --> 16:39:54"
654,"26, 04, 2022 --> 16:39:54"
655,"26, 04, 2022 --> 16:39:54"
656,"26, 04, 2022 --> 16:39:54"
657,"26, 04, 2022 --> 16:39:54"
658,"26, 04, 2022 --> 16:39:54"
659,"26, 04, 2022 --> 16:39:54"
660,"26, 04, 2022 --> 16:39:54"
661,"26, 04, 2022 --> 16:39:54"
662,"26, 04, 2022 --> 16:39:54"
663,"26, 04, 2022 --> 16:39:54"
664,"26, 04, 2022 --> 16:39:54"
665,"26, 04, 2022 --> 16:39:54"
666,"26, 04, 2022 --> 16:39:54"
667,"26, 04, 2022 --> 16:39:54"
668,"26, 04, 2022 --> 16:39:55"
669,"26, 04, 2022 --> 16:39:55"
670,"26, 04, 2022 --> 16:39:55"
671,"26, 04, 2022 --> 16:39:55"
672,"26, 04, 2022 --> 16:39:55"
673,"26, 04, 2022 --> 16:39:55"
674,"26, 04, 2022 --> 16:39:55"
675,"26, 04, 2022 --> 16:39:55"
676,"26, 04, 2022 --> 16:39:55"
677,"26, 04, 2022 --> 16:39:55"
678,"26, 04, 2022 --> 16:39:55"
679,"26, 04, 2022 --> 16:39:55"
680,"26, 04, 2022 --> 16:39:55"
681,"26, 04, 2022 --> 16:39:55"
682,"26, 04, 2022 --> 16:39:55"
683,"26, 04, 2022 --> 16:39:55"
684,"26, 04, 2022 --> 16:39:55"
685,"26, 04, 2022 --> 16:39:55"
686,"26, 04, 2022 --> 16:39:55"
687,"26, 04, 2022 --> 16:39:55"
688,"26, 04, 2022 --> 16:39:56"
689,"26, 04, 2022 --> 16:39:56"
690,"26, 04, 2022 --> 16:39:56"
691,"26, 04, 2022 --> 16:39:56"
692,"26, 04, 2022 --> 16:39:56"
693,"26, 04, 2022 --> 16:39:56"
694,"26, 04, 2022 --> 16:39:56"
695,"26, 04, 2022 --> 16:39:56"
696,"26, 04, 2022 --> 16:39:56"
697,"26, 04, 2022 --> 16:39:56"
698,"26, 04, 2022 --> 16:39:56"
699,"26, 04, 2022 --> 16:39:56"
700,"26, 04, 2022 --> 16:39:56"
701,"26, 04, 2022 --> 16:39:56"
702,"26, 04, 2022 --> 16:39:56"
703,"26, 04, 2022 --> 16:39:56"
704,"26, 04, 2022 --> 16:39:56"
705,"26, 04, 2022 --> 16:39:56"
706,"26, 04, 2022 --> 16:39:56"
707,"26, 04, 2022 --> 16:39:56"
708,"26, 04, 2022 --> 16:39:57"
709,"26, 04, 2022 --> 16:39:57"
710,"26, 04, 2022 --> 16:39:57"
711,"26, 04, 2022 --> 16:39:57"
712,"26, 04, 2022 --> 16:39:57"
713,"26, 04, 2022 --> 16:39:57"
714,"26, 04, 2022 --> 16:39:57"
715,"26, 04, 2022 --> 16:39:57"
716,"26, 04, 2022 --> 16:39:57"
717,"26, 04, 2022 --> 16:39:57"
718,"26, 04, 2022 --> 16:39:57"
719,"26, 04, 2022 --> 16:39:57"
720,"26, 04, 2022 --> 16:39:57"
721,"26, 04, 2022 --> 16:39:57"
722,"26, 04, 2022 --> 16:39:57"
723,"26, 04, 2022 --> 16:39:57"
724,"26, 04, 2022 --> 16:39:57"
725,"26, 04, 2022 --> 16:39:57"
726,"26, 04, 2022 --> 16:39:57"
727,"26, 04, 2022 --> 16:39:57"
728,"26, 04, 2022 --> 16:39:58"
729,"26, 04, 2022 --> 16:39:58"
730,"26, 04, 2022 --> 16:39:58"
731,"26, 04, 2022 --> 16:39:58"
732,"26, 04, 2022 --> 16:39:58"
733,"26, 04, 2022 --> 16:39:58"
734,"26, 04, 2022 --> 16:39:58"
735,"26, 04, 2022 --> 16:39:58"
736,"26, 04, 2022 --> 16:39:58"
737,"26, 04, 2022 --> 16:39:58"
738,"26, 04, 2022 --> 16:39:58"
739,"26, 04, 2022 --> 16:39:58"
740,"26, 04, 2022 --> 16:39:58"
741,"26, 04, 2022 --> 16:39:58"
742,"26, 04, 2022 --> 16:39:58"
743,"26, 04, 2022 --> 16:39:58"
744,"26, 04, 2022 --> 16:39:58"
745,"26, 04, 2022 --> 16:39:58"
746,"26, 04, 2022 --> 16:39:58"
747,"26, 04, 2022 --> 16:39:58"
748,"26, 04, 2022 --> 16:39:59"
749,"26, 04, 2022 --> 16:39:59"
750,"26, 04, 2022 --> 16:39:59"
751,"26, 04, 2022 --> 16:39:59"
752,"26, 04, 2022 --> 16:39:59"
753,"26, 04, 2022 --> 16:39:59"
754,"26, 04, 2022 --> 16:39:59"
755,"26, 04, 2022 --> 16:39:59"
756,"26, 04, 2022 --> 16:39:59"
757,"26, 04, 2022 --> 16:39:59"
758,"26, 04, 2022 --> 16:39:59"
759,"26, 04, 2022 --> 16:39:59"
760,"26, 04, 2022 --> 16:39:59"
761,"26, 04, 2022 --> 16:39:59"
762,"26, 04, 2022 --> 16:39:59"
763,"26, 04, 2022 --> 16:39:59"
764,"26, 04, 2022 --> 16:39:59"
765,"26, 04, 2022 --> 16:39:59"
766,"26, 04, 2022 --> 16:39:59"
767,"26, 04, 2022 --> 16:39:59"
768,"26, 04, 2022 --> 16:40:00"
769,"26, 04, 2022 --> 16:40:00"
770,"26, 04, 2022 --> 16:40:00"
771,"26, 04, 2022 --> 16:40:00"
772,"26, 04, 2022 --> 16:40:00"
773,"26, 04, 2022 --> 16:40:00"
774,"26, 04, 2022 --> 16:40:00"
775,"26, 04, 2022 --> 16:40:00"
776,"26, 04, 2022 --> 16:40:00"
777,"26, 04, 2022 --> 16:40:00"
778,"26, 04, 2022 --> 16:40:00"
779,"26, 04, 2022 --> 16:40:00"
780,"26, 04, 2022 --> 16:40:00"
781,"26, 04, 2022 --> 16:40:00"
782,"26, 04, 2022 --> 16:40:00"
783,"26, 04, 2022 --> 16:40:00"
784,"26, 04, 2022 --> 16:40:00"
785,"26, 04, 2022 --> 16:40:00"
786,"26, 04, 2022 --> 16:40:00"
787,"26, 04, 2022 --> 16:40:00"
788,"26, 04, 2022 --> 16:40:01"
789,"26, 04, 2022 --> 16:40:01"
790,"26, 04, 2022 --> 16:40:01"
791,"26, 04, 2022 --> 16:40:01"
792,"26, 04, 2022 --> 16:40:01"
793,"26, 04, 2022 --> 16:40:01"
794,"26, 04, 2022 --> 16:40:01"
795,"26, 04, 2022 --> 16:40:01"
796,"26, 04, 2022 --> 16:40:01"
797,"26, 04, 2022 --> 16:40:01"
798,"26, 04, 2022 --> 16:40:01"
799,"26, 04, 2022 --> 16:40:01"
800,"26, 04, 2022 --> 16:40:01"
801,"26, 04, 2022 --> 16:40:01"
802,"26, 04, 2022 --> 16:40:01"
803,"26, 04, 2022 --> 16:40:01"
804,"26, 04, 2022 --> 16:40:01"
805,"26, 04, 2022 --> 16:40:01"
806,"26, 04, 2022 --> 16:40:01"
807,"26, 04, 2022 --> 16:40:01"
808,"26, 04, 2022 --> 16:40:02"
809,"26, 04, 2022 --> 16:40:02"
810,"26, 04, 2022 --> 16:40:02"
811,"26, 04, 2022 --> 16:40:02"
812,"26, 04, 2022 --> 16:40:02"
813,"26, 04, 2022 --> 16:40:02"
814,"26, 04, 2022 --> 16:40:02"
815,"26, 04, 2022 --> 16:40:02"
816,"26, 04, 2022 --> 16:40:02"
817,"26, 04, 2022 --> 16:40:02"
818,"26, 04, 2022 --> 16:40:02"
819,"26, 04, 2022 --> 16:40:02"
820,"26, 04, 2022 --> 16:40:02"
821,"26, 04, 2022 --> 16:40:02"
822,"26, 04, 2022 --> 16:40:02"
823,"26, 04, 2022 --> 16:40:02"
824,"26, 04, 2022 --> 16:40:02"
825,"26, 04, 2022 --> 16:40:02"
826,"26, 04, 2022 --> 16:40:02"
827,"26, 04, 2022 --> 16:40:02"
828,"26, 04, 2022 --> 16:40:03"
829,"26, 04, 2022 --> 16:40:03"
830,"26, 04, 2022 --> 16:40:03"
831,"26, 04, 2022 --> 16:40:03"
832,"26, 04, 2022 --> 16:40:03"
833,"26, 04, 2022 --> 16:40:03"
834,"26, 04, 2022 --> 16:40:03"
835,"26, 04, 2022 --> 16:40:03"
836,"26, 04, 2022 --> 16:40:03"
837,"26, 04, 2022 --> 16:40:03"
838,"26, 04, 2022 --> 16:40:03"
839,"26, 04, 2022 --> 16:40:03"
840,"26, 04, 2022 --> 16:40:03"
841,"26, 04, 2022 --> 16:40:03"
842,"26, 04, 2022 --> 16:40:03"
843,"26, 04, 2022 --> 16:40:03"
844,"26, 04, 2022 --> 16:40:03"
845,"26, 04, 2022 --> 16:40:03"
846,"26, 04, 2022 --> 16:40:03"
847,"26, 04, 2022 --> 16:40:03"
848,"26, 04, 2022 --> 16:40:04"
849,"26, 04, 2022 --> 16:40:04"
850,"26, 04, 2022 --> 16:40:04"
851,"26, 04, 2022 --> 16:40:04"
852,"26, 04, 2022 --> 16:40:04"
853,"26, 04, 2022 --> 16:40:04"
854,"26, 04, 2022 --> 16:40:04"
855,"26, 04, 2022 --> 16:40:04"
856,"26, 04, 2022 --> 16:40:04"
857,"26, 04, 2022 --> 16:40:04"
858,"26, 04, 2022 --> 16:40:04"
859,"26, 04, 2022 --> 16:40:04"
860,"26, 04, 2022 --> 16:40:04"
861,"26, 04, 2022 --> 16:40:04"
862,"26, 04, 2022 --> 16:40:04"
863,"26, 04, 2022 --> 16:40:04"
864,"26, 04, 2022 --> 16:40:04"
865,"26, 04, 2022 --> 16:40:04"
866,"26, 04, 2022 --> 16:40:04"
867,"26, 04, 2022 --> 16:40:04"
868,"26, 04, 2022 --> 16:40:05"
869,"26, 04, 2022 --> 16:40:05"
870,"26, 04, 2022 --> 16:40:05"
871,"26, 04, 2022 --> 16:40:05"
872,"26, 04, 2022 --> 16:40:05"
873,"26, 04, 2022 --> 16:40:05"
874,"26, 04, 2022 --> 16:40:05"
875,"26, 04, 2022 --> 16:40:05"
876,"26, 04, 2022 --> 16:40:05"
877,"26, 04, 2022 --> 16:40:05"
878,"26, 04, 2022 --> 16:40:05"
879,"26, 04, 2022 --> 16:40:05"
880,"26, 04, 2022 --> 16:40:05"
881,"26, 04, 2022 --> 16:40:05"
882,"26, 04, 2022 --> 16:40:05"
883,"26, 04, 2022 --> 16:40:05"
884,"26, 04, 2022 --> 16:40:05"
885,"26, 04, 2022 --> 16:40:05"
886,"26, 04, 2022 --> 16:40:05"
887,"26, 04, 2022 --> 16:40:05"
888,"26, 04, 2022 --> 16:40:06"
889,"26, 04, 2022 --> 16:40:06"
890,"26, 04, 2022 --> 16:40:06"
891,"26, 04, 2022 --> 16:40:06"
892,"26, 04, 2022 --> 16:40:06"
893,"26, 04, 2022 --> 16:40:06"
894,"26, 04, 2022 --> 16:40:06"
895,"26, 04, 2022 --> 16:40:06"
896,"26, 04, 2022 --> 16:40:06"
897,"26, 04, 2022 --> 16:40:06"
898,"26, 04, 2022 --> 16:40:06"
899,"26, 04, 2022 --> 16:40:06"
900,"26, 04, 2022 --> 16:40:06"
901,"26, 04, 2022 --> 16:40:06"
902,"26, 04, 2022 --> 16:40:06"
903,"26, 04, 2022 --> 16:40:06"
904,"26, 04, 2022 --> 16:40:06"
905,"26, 04, 2022 --> 16:40:06"
906,"26, 04, 2022 --> 16:40:06"
907,"26, 04, 2022 --> 16:40:06"
908,"26, 04, 2022 --> 16:40:07"
909,"26, 04, 2022 --> 16:40:07"
910,"26, 04, 2022 --> 16:40:07"
911,"26, 04, 2022 --> 16:40:07"
912,"26, 04, 2022 --> 16:40:07"
913,"26, 04, 2022 --> 16:40:07"
914,"26, 04, 2022 --> 16:40:07"
915,"26, 04, 2022 --> 16:40:07"
916,"26, 04, 2022 --> 16:40:07"
917,"26, 04, 2022 --> 16:40:07"
918,"26, 04, 2022 --> 16:40:07"
919,"26, 04, 2022 --> 16:40:07"
920,"26, 04, 2022 --> 16:40:07"
921,"26, 04, 2022 --> 16:40:07"
922,"26, 04, 2022 --> 16:40:07"
923,"26, 04, 2022 --> 16:40:07"
924,"26, 04, 2022 --> 16:40:07"
925,"26, 04, 2022 --> 16:40:07"
926,"26, 04, 2022 --> 16:40:07"
927,"26, 04, 2022 --> 16:40:07"
928,"26, 04, 2022 --> 16:40:08"
929,"26, 04, 2022 --> 16:40:08"
930,"26, 04, 2022 --> 16:40:08"
931,"26, 04, 2022 --> 16:40:08"
932,"26, 04, 2022 --> 16:40:08"
933,"26, 04, 2022 --> 16:40:08"
934,"26, 04, 2022 --> 16:40:08"
935,"26, 04, 2022 --> 16:40:08"
936,"26, 04, 2022 --> 16:40:08"
937,"26, 04, 2022 --> 16:40:08"
938,"26, 04, 2022 --> 16:40:08"
939,"26, 04, 2022 --> 16:40:08"
940,"26, 04, 2022 --> 16:40:08"
941,"26, 04, 2022 --> 16:40:08"
942,"26, 04, 2022 --> 16:40:08"
943,"26, 04, 2022 --> 16:40:08"
944,"26, 04, 2022 --> 16:40:08"
945,"26, 04, 2022 --> 16:40:08"
946,"26, 04, 2022 --> 16:40:08"
947,"26, 04, 2022 --> 16:40:08"
948,"26, 04, 2022 --> 16:40:09"
949,"26, 04, 2022 --> 16:40:09"
950,"26, 04, 2022 --> 16:40:09"
951,"26, 04, 2022 --> 16:40:09"
952,"26, 04, 2022 --> 16:40:09"
953,"26, 04, 2022 --> 16:40:09"
954,"26, 04, 2022 --> 16:40:09"
955,"26, 04, 2022 --> 16:40:09"
956,"26, 04, 2022 --> 16:40:09"
957,"26, 04, 2022 --> 16:40:09"
958,"26, 04, 2022 --> 16:40:09"
959,"26, 04, 2022 --> 16:40:09"
960,"26, 04, 2022 --> 16:40:09"
961,"26, 04, 2022 --> 16:40:09"
962,"26, 04, 2022 --> 16:40:09"
963,"26, 04, 2022 --> 16:40:09"
964,"26, 04, 2022 --> 16:40:09"
965,"26, 04, 2022 --> 16:40:09"
966,"26, 04, 2022 --> 16:40:09"
967,"26, 04, 2022 --> 16:40:09"
968,"26, 04, 2022 --> 16:40:10"
969,"26, 04, 2022 --> 16:40:10"
970,"26, 04, 2022 --> 16:40:10"
971,"26, 04, 2022 --> 16:40:10"
972,"26, 04, 2022 --> 16:40:10"
973,"26, 04, 2022 --> 16:40:10"
974,"26, 04, 2022 --> 16:40:10"
975,"26, 04, 2022 --> 16:40:10"
976,"26, 04, 2022 --> 16:40:10"
977,"26, 04, 2022 --> 16:40:10"
978,"26, 04, 2022 --> 16:40:10"
979,"26, 04, 2022 --> 16:40:10"
980,"26, 04, 2022 --> 16:40:10"
981,"26, 04, 2022 --> 16:40:10"
982,"26, 04, 2022 --> 16:40:10"
983,"26, 04, 2022 --> 16:40:10"
984,"26, 04, 2022 --> 16:40:10"
985,"26, 04, 2022 --> 16:40:10"
986,"26, 04, 2022 --> 16:40:10"
987,"26, 04, 2022 --> 16:40:10"
988,"26, 04, 2022 --> 16:40:11"
989,"26, 04, 2022 --> 16:40:11"
990,"26, 04, 2022 --> 16:40:11"
991,"26, 04, 2022 --> 16:40:11"
992,"26, 04, 2022 --> 16:40:11"
993,"26, 04, 2022 --> 16:40:11"
994,"26, 04, 2022 --> 16:40:11"
995,"26, 04, 2022 --> 16:40:11"
996,"26, 04, 2022 --> 16:40:11"
997,"26, 04, 2022 --> 16:40:11"
998,"26, 04, 2022 --> 16:40:11"
999,"26, 04, 2022 --> 16:40:11"
1000,"26, 04, 2022 --> 16:40:11"
1001,"26, 04, 2022 --> 16:40:11"
1002,"26, 04, 2022 --> 16:40:11"
1003,"26, 04, 2022 --> 16:40:11"
1004,"26, 04, 2022 --> 16:40:11"
1005,"26, 04, 2022 --> 16:40:11"
1006,"26, 04, 2022 --> 16:40:11"
1007,"26, 04, 2022 --> 16:40:11"
1008,"26, 04, 2022 --> 16:40:12"
1009,"26, 04, 2022 --> 16:40:12"
1010,"26, 04, 2022 --> 16:40:12"
1011,"26, 04, 2022 --> 16:40:12"
1012,"26, 04, 2022 --> 16:40:12"
1013,"26, 04, 2022 --> 16:40:12"
1014,"26, 04, 2022 --> 16:40:12"
1015,"26, 04, 2022 --> 16:40:12"
1016,"26, 04, 2022 --> 16:40:12"
1017,"26, 04, 2022 --> 16:40:12"
1018,"26, 04, 2022 --> 16:40:12"
1019,"26, 04, 2022 --> 16:40:12"
1020,"26, 04, 2022 --> 16:40:12"
1021,"26, 04, 2022 --> 16:40:12"
1022,"26, 04, 2022 --> 16:40:12"
1023,"26, 04, 2022 --> 16:40:12"
1024,"26, 04, 2022 --> 16:40:12"
1025,"26, 04, 2022 --> 16:40:12"
1026,"26, 04, 2022 --> 16:40:12"
1027,"26, 04, 2022 --> 16:40:12"
1028,"26, 04, 2022 --> 16:40:13"
1029,"26, 04, 2022 --> 16:40:13"
1030,"26, 04, 2022 --> 16:40:13"
1031,"26, 04, 2022 --> 16:40:13"
1032,"26, 04, 2022 --> 16:40:13"
1033,"26, 04, 2022 --> 16:40:13"
1034,"26, 04, 2022 --> 16:40:13"
1035,"26, 04, 2022 --> 16:40:13"
1036,"26, 04, 2022 --> 16:40:13"
1037,"26, 04, 2022 --> 16:40:13"
1038,"26, 04, 2022 --> 16:40:13"
1039,"26, 04, 2022 --> 16:40:13"
1040,"26, 04, 2022 --> 16:40:13"
1041,"26, 04, 2022 --> 16:40:13"
1042,"26, 04, 2022 --> 16:40:13"
1043,"26, 04, 2022 --> 16:40:13"
1044,"26, 04, 2022 --> 16:40:13"
1045,"26, 04, 2022 --> 16:40:13"
1046,"26, 04, 2022 --> 16:40:13"
1047,"26, 04, 2022 --> 16:40:13"
1048,"26, 04, 2022 --> 16:40:14"
1049,"26, 04, 2022 --> 16:40:14"
1050,"26, 04, 2022 --> 16:40:14"
1051,"26, 04, 2022 --> 16:40:14"
1052,"26, 04, 2022 --> 16:40:14"
1053,"26, 04, 2022 --> 16:40:14"
1054,"26, 04, 2022 --> 16:40:14"
1055,"26, 04, 2022 --> 16:40:14"
1056,"26, 04, 2022 --> 16:40:14"
1057,"26, 04, 2022 --> 16:40:14"
1058,"26, 04, 2022 --> 16:40:14"
1059,"26, 04, 2022 --> 16:40:14"
1060,"26, 04, 2022 --> 16:40:14"
1061,"26, 04, 2022 --> 16:40:14"
1062,"26, 04, 2022 --> 16:40:14"
1063,"26, 04, 2022 --> 16:40:14"
1064,"26, 04, 2022 --> 16:40:14"
1065,"26, 04, 2022 --> 16:40:14"
1066,"26, 04, 2022 --> 16:40:14"
1067,"26, 04, 2022 --> 16:40:14"
1068,"26, 04, 2022 --> 16:40:15"
1069,"26, 04, 2022 --> 16:40:15"
1070,"26, 04, 2022 --> 16:40:15"
1071,"26, 04, 2022 --> 16:40:15"
1072,"26, 04, 2022 --> 16:40:15"
1073,"26, 04, 2022 --> 16:40:15"
1074,"26, 04, 2022 --> 16:40:15"
1075,"26, 04, 2022 --> 16:40:15"
1076,"26, 04, 2022 --> 16:40:15"
1077,"26, 04, 2022 --> 16:40:15"
1078,"26, 04, 2022 --> 16:40:15"
1079,"26, 04, 2022 --> 16:40:15"
1080,"26, 04, 2022 --> 16:40:15"
1081,"26, 04, 2022 --> 16:40:15"
1082,"26, 04, 2022 --> 16:40:15"
1083,"26, 04, 2022 --> 16:40:15"
1084,"26, 04, 2022 --> 16:40:15"
1085,"26, 04, 2022 --> 16:40:15"
1086,"26, 04, 2022 --> 16:40:15"
1087,"26, 04, 2022 --> 16:40:15"
1088,"26, 04, 2022 --> 16:40:16"
1089,"26, 04, 2022 --> 16:40:16"
1090,"26, 04, 2022 --> 16:40:16"
1091,"26, 04, 2022 --> 16:40:16"
1092,"26, 04, 2022 --> 16:40:16"
1093,"26, 04, 2022 --> 16:40:16"
1094,"26, 04, 2022 --> 16:40:16"
1095,"26, 04, 2022 --> 16:40:16"
1096,"26, 04, 2022 --> 16:40:16"
1097,"26, 04, 2022 --> 16:40:16"
1098,"26, 04, 2022 --> 16:40:16"
1099,"26, 04, 2022 --> 16:40:16"
1100,"26, 04, 2022 --> 16:40:16"
1101,"26, 04, 2022 --> 16:40:16"
1102,"26, 04, 2022 --> 16:40:16"
1103,"26, 04, 2022 --> 16:40:16"
1104,"26, 04, 2022 --> 16:40:16"
1105,"26, 04, 2022 --> 16:40:16"
1106,"26, 04, 2022 --> 16:40:16"
1107,"26, 04, 2022 --> 16:40:16"
1108,"26, 04, 2022 --> 16:40:17"
1109,"26, 04, 2022 --> 16:40:17"
1110,"26, 04, 2022 --> 16:40:17"
1111,"26, 04, 2022 --> 16:40:17"
1112,"26, 04, 2022 --> 16:40:17"
1113,"26, 04, 2022 --> 16:40:17"
1114,"26, 04, 2022 --> 16:40:17"
1115,"26, 04, 2022 --> 16:40:17"
1116,"26, 04, 2022 --> 16:40:17"
1117,"26, 04, 2022 --> 16:40:17"
1118,"26, 04, 2022 --> 16:40:17"
1119,"26, 04, 2022 --> 16:40:17"
1120,"26, 04, 2022 --> 16:40:17"
1121,"26, 04, 2022 --> 16:40:17"
1122,"26, 04, 2022 --> 16:40:17"
1123,"26, 04, 2022 --> 16:40:17"
1124,"26, 04, 2022 --> 16:40:17"
1125,"26, 04, 2022 --> 16:40:17"
1126,"26, 04, 2022 --> 16:40:17"
1127,"26, 04, 2022 --> 16:40:17"
1128,"26, 04, 2022 --> 16:40:18"
1129,"26, 04, 2022 --> 16:40:18"
1130,"26, 04, 2022 --> 16:40:18"
1131,"26, 04, 2022 --> 16:40:18"
1132,"26, 04, 2022 --> 16:40:18"
1133,"26, 04, 2022 --> 16:40:18"
1134,"26, 04, 2022 --> 16:40:18"
1135,"26, 04, 2022 --> 16:40:18"
1136,"26, 04, 2022 --> 16:40:18"
1137,"26, 04, 2022 --> 16:40:18"
1138,"26, 04, 2022 --> 16:40:18"
1139,"26, 04, 2022 --> 16:40:18"
1140,"26, 04, 2022 --> 16:40:18"
1141,"26, 04, 2022 --> 16:40:18"
1142,"26, 04, 2022 --> 16:40:18"
1143,"26, 04, 2022 --> 16:40:18"
1144,"26, 04, 2022 --> 16:40:18"
1145,"26, 04, 2022 --> 16:40:18"
1146,"26, 04, 2022 --> 16:40:18"
1147,"26, 04, 2022 --> 16:40:18"
1148,"26, 04, 2022 --> 16:40:19"
1149,"26, 04, 2022 --> 16:40:19"
1150,"26, 04, 2022 --> 16:40:19"
1151,"26, 04, 2022 --> 16:40:19"
1152,"26, 04, 2022 --> 16:40:19"
1153,"26, 04, 2022 --> 16:40:19"
1154,"26, 04, 2022 --> 16:40:19"
1155,"26, 04, 2022 --> 16:40:19"
1156,"26, 04, 2022 --> 16:40:19"
1157,"26, 04, 2022 --> 16:40:19"
1158,"26, 04, 2022 --> 16:40:19"
1159,"26, 04, 2022 --> 16:40:19"
1160,"26, 04, 2022 --> 16:40:19"
1161,"26, 04, 2022 --> 16:40:19"
1162,"26, 04, 2022 --> 16:40:19"
1163,"26, 04, 2022 --> 16:40:19"
1164,"26, 04, 2022 --> 16:40:19"
1165,"26, 04, 2022 --> 16:40:19"
1166,"26, 04, 2022 --> 16:40:19"
1167,"26, 04, 2022 --> 16:40:19"
1168,"26, 04, 2022 --> 16:40:20"
1169,"26, 04, 2022 --> 16:40:20"
1170,"26, 04, 2022 --> 16:40:20"
1171,"26, 04, 2022 --> 16:40:20"
1172,"26, 04, 2022 --> 16:40:20"
1173,"26, 04, 2022 --> 16:40:20"
1174,"26, 04, 2022 --> 16:40:20"
1175,"26, 04, 2022 --> 16:40:20"
1176,"26, 04, 2022 --> 16:40:20"
1177,"26, 04, 2022 --> 16:40:20"
1178,"26, 04, 2022 --> 16:40:20"
1179,"26, 04, 2022 --> 16:40:20"
1180,"26, 04, 2022 --> 16:40:20"
1181,"26, 04, 2022 --> 16:40:20"
1182,"26, 04, 2022 --> 16:40:20"
1183,"26, 04, 2022 --> 16:40:20"
1184,"26, 04, 2022 --> 16:40:20"
1185,"26, 04, 2022 --> 16:40:20"
1186,"26, 04, 2022 --> 16:40:20"
1187,"26, 04, 2022 --> 16:40:20"
1188,"26, 04, 2022 --> 16:40:21"
1189,"26, 04, 2022 --> 16:40:21"
1190,"26, 04, 2022 --> 16:40:21"
1191,"26, 04, 2022 --> 16:40:21"
1192,"26, 04, 2022 --> 16:40:21"
1193,"26, 04, 2022 --> 16:40:21"
1194,"26, 04, 2022 --> 16:40:21"
1195,"26, 04, 2022 --> 16:40:21"
1196,"26, 04, 2022 --> 16:40:21"
1197,"26, 04, 2022 --> 16:40:21"
1198,"26, 04, 2022 --> 16:40:21"
1199,"26, 04, 2022 --> 16:40:21"
1200,"26, 04, 2022 --> 16:40:21"
1201,"26, 04, 2022 --> 16:40:21"
1202,"26, 04, 2022 --> 16:40:21"
1203,"26, 04, 2022 --> 16:40:21"
1204,"26, 04, 2022 --> 16:40:21"
1205,"26, 04, 2022 --> 16:40:21"
1206,"26, 04, 2022 --> 16:40:21"
1207,"26, 04, 2022 --> 16:40:21"
1208,"26, 04, 2022 --> 16:40:22"
1209,"26, 04, 2022 --> 16:40:22"
1210,"26, 04, 2022 --> 16:40:22"
1211,"26, 04, 2022 --> 16:40:22"
1212,"26, 04, 2022 --> 16:40:22"
1213,"26, 04, 2022 --> 16:40:22"
1214,"26, 04, 2022 --> 16:40:22"
1215,"26, 04, 2022 --> 16:40:22"
1216,"26, 04, 2022 --> 16:40:22"
1217,"26, 04, 2022 --> 16:40:22"
1218,"26, 04, 2022 --> 16:40:22"
1219,"26, 04, 2022 --> 16:40:22"
1220,"26, 04, 2022 --> 16:40:22"
1221,"26, 04, 2022 --> 16:40:22"
1222,"26, 04, 2022 --> 16:40:22"
1223,"26, 04, 2022 --> 16:40:22"
1224,"26, 04, 2022 --> 16:40:22"
1225,"26, 04, 2022 --> 16:40:22"
1226,"26, 04, 2022 --> 16:40:22"
1227,"26, 04, 2022 --> 16:40:22"
1228,"26, 04, 2022 --> 16:40:23"
1229,"26, 04, 2022 --> 16:40:23"
1230,"26, 04, 2022 --> 16:40:23"
1231,"26, 04, 2022 --> 16:40:23"
1232,"26, 04, 2022 --> 16:40:23"
1233,"26, 04, 2022 --> 16:40:23"
1234,"26, 04, 2022 --> 16:40:23"
1235,"26, 04, 2022 --> 16:40:23"
1236,"26, 04, 2022 --> 16:40:23"
1237,"26, 04, 2022 --> 16:40:23"
1238,"26, 04, 2022 --> 16:40:23"
1239,"26, 04, 2022 --> 16:40:23"
1240,"26, 04, 2022 --> 16:40:23"
1241,"26, 04, 2022 --> 16:40:23"
1242,"26, 04, 2022 --> 16:40:23"
1243,"26, 04, 2022 --> 16:40:23"
1244,"26, 04, 2022 --> 16:40:23"
1245,"26, 04, 2022 --> 16:40:23"
1246,"26, 04, 2022 --> 16:40:23"
1247,"26, 04, 2022 --> 16:40:23"
1248,"26, 04, 2022 --> 16:40:24"
1249,"26, 04, 2022 --> 16:40:24"
1250,"26, 04, 2022 --> 16:40:24"
1251,"26, 04, 2022 --> 16:40:24"
1252,"26, 04, 2022 --> 16:40:24"
1253,"26, 04, 2022 --> 16:40:24"
1254,"26, 04, 2022 --> 16:40:24"
1255,"26, 04, 2022 --> 16:40:24"
