0,0,18:23.537661
0,0,18:23.558047
0,0,18:23.578046
0,0,18:23.597997
0,0,18:23.618091
0,0,18:23.638116
0,0,18:23.658013
0,0,18:23.677963
0,0,18:23.697836
8,0,18:23.717740
0,0,18:23.737872
0,0,18:23.757747
16,0,18:23.777737
0,0,18:23.797755
0,8,18:23.817776
0,0,18:23.837948
0,0,18:23.858059
0,0,18:23.878050
0,0,18:23.898082
0,0,18:23.918009
0,0,18:23.938215
16,0,18:23.958169
0,0,18:23.978148
0,0,18:23.998240
0,0,18:24.018131
0,0,18:24.038252
0,0,18:24.058042
8,0,18:24.078017
0,0,18:24.097882
8,0,18:24.117837
0,0,18:24.138384
0,0,18:24.158151
0,0,18:24.177943
0,0,18:24.197958
0,0,18:24.218014
0,0,18:24.238124
0,0,18:24.257982
0,0,18:24.277967
0,0,18:24.298128
0,0,18:24.317936
0,0,18:24.338122
0,0,18:24.358197
0,0,18:24.378312
0,0,18:24.398700
0,0,18:24.418117
0,0,18:24.438590
0,0,18:24.457986
0,0,18:24.477851
0,0,18:24.497916
0,0,18:24.517841
8,0,18:24.538603
8,0,18:24.558056
0,0,18:24.578013
0,0,18:24.597996
0,8,18:24.618127
8,0,18:24.639234
0,0,18:24.658408
0,0,18:24.678213
0,0,18:24.698144
0,0,18:24.718057
8,0,18:24.738330
0,0,18:24.757905
0,0,18:24.777950
0,0,18:24.797943
0,0,18:24.817984
0,0,18:24.838423
0,0,18:24.858231
0,8,18:24.879487
0,0,18:24.898359
0,0,18:24.918200
24,0,18:24.938368
16,0,18:24.957970
0,0,18:24.977875
0,0,18:24.997946
0,0,18:25.017884
0,0,18:25.038219
0,0,18:25.058201
0,16,18:25.078243
0,0,18:25.098231
0,0,18:25.118224
0,0,18:25.138266
0,0,18:25.157976
0,0,18:25.177851
0,0,18:25.197831
0,0,18:25.217811
0,0,18:25.237865
0,0,18:25.258313
0,0,18:25.278176
0,0,18:25.298089
0,0,18:25.317992
8,0,18:25.338165
0,0,18:25.358138
0,0,18:25.379281
0,0,18:25.398890
0,0,18:25.418120
0,0,18:25.438007
0,0,18:25.457951
0,0,18:25.477878
8,0,18:25.497889
0,16,18:25.518005
0,0,18:25.538093
0,0,18:25.557891
0,0,18:25.577986
0,0,18:25.598005
0,0,18:25.617983
0,0,18:25.638057
0,0,18:25.658018
0,0,18:25.677982
0,0,18:25.697996
0,0,18:25.717982
0,0,18:25.738082
0,0,18:25.758025
0,0,18:25.777984
0,0,18:25.797997
0,0,18:25.818015
0,0,18:25.838178
0,0,18:25.858214
0,0,18:25.878299
0,0,18:25.898930
0,0,18:25.918211
0,0,18:25.939454
0,0,18:25.958046
0,0,18:25.977924
0,0,18:25.997981
0,0,18:26.017877
0,0,18:26.038721
0,0,18:26.057844
0,0,18:26.077911
0,0,18:26.098070
0,0,18:26.117986
0,0,18:26.139344
16,0,18:26.157981
8,0,18:26.178093
0,0,18:26.197972
0,0,18:26.217936
0,0,18:26.239002
0,0,18:26.257938
0,0,18:26.278050
0,0,18:26.298025
0,0,18:26.317985
0,0,18:26.339369
0,0,18:26.358186
0,0,18:26.378279
0,0,18:26.398304
0,0,18:26.418084
0,0,18:26.439053
0,0,18:26.458244
0,0,18:26.478105
0,0,18:26.497996
0,0,18:26.518036
0,0,18:26.538453
8,0,18:26.557979
0,0,18:26.577967
0,0,18:26.598022
0,0,18:26.617991
0,0,18:26.638145
0,0,18:26.658049
8,0,18:26.678018
0,0,18:26.697972
0,0,18:26.717933
0,16,18:26.738066
0,0,18:26.757968
0,0,18:26.778187
0,0,18:26.798012
0,0,18:26.818016
0,0,18:26.837998
0,0,18:26.863001
0,0,18:26.878156
0,0,18:26.898441
0,0,18:26.918019
0,0,18:26.938952
0,0,18:26.957971
0,8,18:26.977838
0,0,18:26.997977
0,0,18:27.017921
0,0,18:27.039014
0,16,18:27.063214
0,0,18:27.077953
0,0,18:27.098050
0,0,18:27.117951
0,0,18:27.138255
0,0,18:27.157938
0,0,18:27.177953
0,0,18:27.198012
0,0,18:27.218042
0,0,18:27.238068
0,0,18:27.258000
0,0,18:27.278062
0,0,18:27.298011
0,0,18:27.317984
0,0,18:27.338112
0,0,18:27.358167
0,0,18:27.378229
0,0,18:27.398352
0,0,18:27.418046
0,0,18:27.437985
0,0,18:27.457969
0,0,18:27.477992
0,0,18:27.497995
0,0,18:27.517989
0,0,18:27.538119
0,0,18:27.557988
0,8,18:27.577984
0,0,18:27.598029
0,0,18:27.617984
0,0,18:27.638004
0,0,18:27.658288
0,0,18:27.678170
0,0,18:27.698217
0,0,18:27.717937
0,0,18:27.738035
0,0,18:27.757943
0,0,18:27.777935
0,0,18:27.798224
0,0,18:27.818248
0,0,18:27.838562
0,0,18:27.858223
0,0,18:27.878266
0,0,18:27.898985
0,0,18:27.919919
0,0,18:27.938008
0,0,18:27.957901
0,0,18:27.977733
0,0,18:27.997785
0,0,18:28.017768
0,0,18:28.037827
0,0,18:28.057762
0,0,18:28.077711
0,0,18:28.097761
0,0,18:28.117711
0,0,18:28.137873
0,0,18:28.157728
0,0,18:28.177711
0,0,18:28.197730
0,0,18:28.217706
0,0,18:28.237882
0,0,18:28.257993
0,0,18:28.277881
0,0,18:28.297769
0,0,18:28.317711
0,0,18:28.337884
0,0,18:28.358060
0,0,18:28.377885
0,0,18:28.397921
8,0,18:28.417741
0,0,18:28.438176
0,0,18:28.457942
0,0,18:28.477775
0,0,18:28.497884
0,0,18:28.517720
0,16,18:28.537925
0,0,18:28.557714
16,0,18:28.577711
0,0,18:28.597752
0,0,18:28.618184
0,0,18:28.638257
16,0,18:28.657941
0,0,18:28.677925
0,0,18:28.697956
0,0,18:28.717965
0,0,18:28.738304
0,0,18:28.757933
0,0,18:28.777950
0,0,18:28.797967
0,0,18:28.818055
0,0,18:28.838796
16,0,18:28.858251
0,0,18:28.878714
16,0,18:28.898424
0,0,18:28.918214
0,0,18:28.938509
0,0,18:28.958025
0,0,18:28.978049
0,0,18:28.998060
0,0,18:29.018053
0,0,18:29.038270
0,8,18:29.057832
0,0,18:29.077837
0,0,18:29.097858
0,0,18:29.117871
0,0,18:29.138134
0,0,18:29.157999
0,0,18:29.177976
8,0,18:29.197989
0,0,18:29.217973
0,0,18:29.238184
0,0,18:29.257976
0,0,18:29.278010
0,0,18:29.297991
0,0,18:29.317994
0,8,18:29.338269
0,0,18:29.358164
0,0,18:29.378308
0,0,18:29.398806
0,0,18:29.418126
0,0,18:29.438002
0,0,18:29.458082
0,0,18:29.478039
0,0,18:29.497935
0,0,18:29.517843
0,0,18:29.538162
0,0,18:29.557945
0,0,18:29.577932
0,8,18:29.597977
0,0,18:29.617926
0,0,18:29.639188
0,0,18:29.657926
0,0,18:29.677919
0,0,18:29.697965
0,0,18:29.717927
0,0,18:29.739383
8,0,18:29.757982
0,0,18:29.777989
0,0,18:29.798012
0,0,18:29.818018
0,0,18:29.839215
8,0,18:29.858127
0,0,18:29.878190
0,0,18:29.898527
0,0,18:29.918132
0,0,18:29.939227
0,0,18:29.957942
0,0,18:29.977862
0,0,18:29.997921
8,0,18:30.017909
0,0,18:30.038768
0,0,18:30.058314
0,0,18:30.078166
0,0,18:30.098109
0,0,18:30.117989
0,0,18:30.139333
0,0,18:30.157961
0,8,18:30.177984
0,0,18:30.197970
0,0,18:30.217975
0,0,18:30.239071
0,0,18:30.257989
0,0,18:30.278016
0,0,18:30.298019
0,0,18:30.317973
0,0,18:30.339322
0,0,18:30.358124
0,0,18:30.378488
0,0,18:30.398161
8,0,18:30.418177
0,0,18:30.438030
0,0,18:30.457918
0,0,18:30.477867
0,0,18:30.497886
0,0,18:30.517947
0,0,18:30.537985
0,0,18:30.557996
0,0,18:30.577980
0,0,18:30.597998
0,0,18:30.617977
0,0,18:30.637999
8,0,18:30.658370
0,0,18:30.678265
8,0,18:30.698128
0,0,18:30.717986
0,0,18:30.738137
0,0,18:30.758075
0,0,18:30.778005
0,0,18:30.797952
8,0,18:30.818001
0,0,18:30.837993
0,0,18:30.858117
0,0,18:30.879624
0,0,18:30.898542
0,0,18:30.918131
0,0,18:30.938071
0,0,18:30.958029
0,0,18:30.977863
0,0,18:30.997880
0,0,18:31.017898
0,0,18:31.038019
0,0,18:31.057971
0,0,18:31.077978
0,0,18:31.097983
0,0,18:31.117980
0,0,18:31.138296
0,0,18:31.157978
0,0,18:31.177978
0,0,18:31.197993
0,0,18:31.217973
0,8,18:31.238574
0,0,18:31.258352
0,0,18:31.278210
0,0,18:31.298118
0,0,18:31.317976
0,0,18:31.338277
0,0,18:31.358177
0,0,18:31.378167
0,0,18:31.398392
0,0,18:31.418042
0,0,18:31.438921
0,0,18:31.457853
0,0,18:31.477857
0,8,18:31.497888
0,0,18:31.517858
0,0,18:31.538936
0,0,18:31.557848
0,0,18:31.577931
0,0,18:31.597975
0,0,18:31.617929
0,0,18:31.639156
0,0,18:31.657924
0,0,18:31.677952
0,0,18:31.697961
0,0,18:31.717922
0,0,18:31.739235
0,0,18:31.757920
0,0,18:31.777925
0,0,18:31.797961
0,0,18:31.817922
0,0,18:31.839211
0,0,18:31.858129
0,0,18:31.878255
0,0,18:31.898524
16,0,18:31.918083
0,0,18:31.938033
0,0,18:31.957982
0,8,18:31.977892
0,8,18:31.997909
0,0,18:32.017931
0,0,18:32.038060
0,0,18:32.057887
0,0,18:32.077887
0,0,18:32.098011
0,8,18:32.117974
0,0,18:32.138081
0,0,18:32.157971
0,0,18:32.177973
0,0,18:32.197994
0,0,18:32.217979
0,0,18:32.238572
16,0,18:32.257991
0,0,18:32.278014
0,0,18:32.298034
0,0,18:32.317975
0,0,18:32.338096
8,0,18:32.358231
0,0,18:32.378334
0,0,18:32.398641
0,0,18:32.418088
0,0,18:32.437986
0,0,18:32.458160
0,0,18:32.478092
0,0,18:32.497987
0,0,18:32.517968
0,0,18:32.538207
0,0,18:32.557943
0,0,18:32.577928
0,0,18:32.598001
0,0,18:32.617973
0,0,18:32.638036
0,0,18:32.657975
8,0,18:32.677969
0,0,18:32.697995
0,0,18:32.717975
0,0,18:32.738277
0,0,18:32.757991
0,0,18:32.778016
0,0,18:32.797998
8,0,18:32.817992
0,0,18:32.838080
0,0,18:32.858222
8,0,18:32.878289
0,0,18:32.899232
0,0,18:32.917940
0,0,18:32.938311
0,0,18:32.957928
16,0,18:32.977857
0,0,18:32.998003
0,0,18:33.018016
0,0,18:33.038055
0,0,18:33.063111
0,0,18:33.078128
0,0,18:33.098196
0,0,18:33.117946
0,0,18:33.138059
0,0,18:33.157946
0,0,18:33.177932
0,24,18:33.197983
0,0,18:33.218048
0,0,18:33.238025
0,0,18:33.257928
0,0,18:33.277961
0,0,18:33.297943
0,0,18:33.317821
0,0,18:33.337985
0,16,18:33.357979
0,0,18:33.378005
0,0,18:33.398006
0,0,18:33.417845
0,0,18:33.437927
0,0,18:33.457896
0,0,18:33.477896
0,0,18:33.497850
0,0,18:33.517819
8,0,18:33.537919
0,0,18:33.557824
0,0,18:33.577814
0,0,18:33.597827
0,0,18:33.617983
0,0,18:33.638061
0,0,18:33.658164
0,0,18:33.678111
0,0,18:33.697927
0,0,18:33.717844
0,0,18:33.738022
0,16,18:33.757837
0,0,18:33.777822
0,0,18:33.797835
0,0,18:33.817904
8,8,18:33.837983
0,0,18:33.858019
0,0,18:33.878018
0,0,18:33.898027
0,0,18:33.917872
0,0,18:33.938824
8,0,18:33.957873
0,0,18:33.977826
0,0,18:33.997851
0,0,18:34.017838
0,0,18:34.038618
0,0,18:34.057887
0,0,18:34.077816
0,0,18:34.097859
0,0,18:34.117834
0,0,18:34.138841
0,0,18:34.157857
0,0,18:34.177841
0,0,18:34.197881
0,0,18:34.217847
0,0,18:34.238597
0,0,18:34.258002
8,0,18:34.277994
8,0,18:34.297855
0,0,18:34.317812
0,0,18:34.338906
0,0,18:34.358108
0,0,18:34.378040
0,0,18:34.398049
0,0,18:34.417902
0,0,18:34.437888
8,0,18:34.457844
0,0,18:34.477839
0,0,18:34.497921
0,0,18:34.517941
0,0,18:34.538039
0,0,18:34.557868
0,0,18:34.577864
0,0,18:34.597909
0,0,18:34.617860
0,0,18:34.637911
0,0,18:34.657818
0,0,18:34.677823
0,0,18:34.697835
0,0,18:34.717815
0,0,18:34.738023
0,0,18:34.757823
8,0,18:34.777832
0,0,18:34.797832
0,0,18:34.817849
0,0,18:34.837899
8,0,18:34.858036
0,0,18:34.878051
0,0,18:34.897952
0,0,18:34.917834
0,0,18:34.938060
0,0,18:34.957887
0,0,18:34.977797
0,0,18:34.997808
0,0,18:35.017833
0,0,18:35.037884
0,0,18:35.057847
0,8,18:35.077882
0,0,18:35.097867
0,0,18:35.117828
0,0,18:35.138065
0,0,18:35.157793
0,0,18:35.177835
0,0,18:35.197795
0,0,18:35.217804
0,0,18:35.238012
0,0,18:35.257784
0,0,18:35.277845
0,0,18:35.297798
0,0,18:35.317789
0,0,18:35.338140
0,0,18:35.358047
0,0,18:35.378033
0,0,18:35.398045
0,0,18:35.418030
0,0,18:35.437885
0,0,18:35.458038
0,0,18:35.478009
0,0,18:35.497815
0,0,18:35.517790
0,0,18:35.538357
0,0,18:35.557845
16,0,18:35.577839
8,0,18:35.597866
0,0,18:35.617836
0,0,18:35.638627
0,0,18:35.657866
0,16,18:35.677849
0,0,18:35.697881
0,0,18:35.717849
8,0,18:35.738827
0,0,18:35.757819
0,0,18:35.777807
0,0,18:35.797836
0,0,18:35.817818
0,0,18:35.838611
0,0,18:35.858212
0,0,18:35.878232
0,0,18:35.899761
0,0,18:35.918186
0,0,18:35.938343
8,0,18:35.957922
0,0,18:35.977822
0,0,18:35.997839
0,0,18:36.017850
0,0,18:36.037952
0,0,18:36.058377
0,0,18:36.078212
0,0,18:36.098077
0,0,18:36.117927
0,0,18:36.137948
0,0,18:36.157963
0,0,18:36.177883
8,0,18:36.197926
0,8,18:36.217880
0,0,18:36.237927
0,8,18:36.257895
0,0,18:36.277974
24,0,18:36.297933
0,0,18:36.317913
0,0,18:36.338146
0,24,18:36.358143
0,0,18:36.378346
0,0,18:36.399022
0,0,18:36.418060
0,0,18:36.438254
0,0,18:36.458157
0,0,18:36.477839
0,0,18:36.497861
0,0,18:36.517846
0,0,18:36.538025
0,0,18:36.557923
0,0,18:36.577976
0,0,18:36.597992
0,0,18:36.617986
0,8,18:36.638012
0,0,18:36.658322
0,0,18:36.678115
0,0,18:36.698043
0,0,18:36.717925
0,0,18:36.739199
0,0,18:36.757939
0,0,18:36.777887
0,0,18:36.797923
0,0,18:36.817880
0,0,18:36.839077
0,0,18:36.858090
0,0,18:36.880656
0,0,18:36.898377
0,0,18:36.918059
0,0,18:36.938094
0,0,18:36.958037
0,8,18:36.977915
0,0,18:36.997907
0,0,18:37.017927
0,0,18:37.038058
0,0,18:37.057926
0,0,18:37.077956
0,0,18:37.097997
0,0,18:37.118003
0,0,18:37.138023
0,0,18:37.158014
0,0,18:37.177970
0,0,18:37.198004
0,0,18:37.217967
0,0,18:37.239163
0,0,18:37.258332
0,0,18:37.278185
0,0,18:37.298047
0,0,18:37.318163
0,0,18:37.339208
0,0,18:37.358161
0,0,18:37.378401
0,0,18:37.398111
8,0,18:37.417946
0,0,18:37.437904
0,0,18:37.457864
0,0,18:37.477866
0,16,18:37.497995
0,0,18:37.517972
0,0,18:37.538031
0,0,18:37.558015
0,0,18:37.578003
0,0,18:37.598027
0,0,18:37.617976
0,0,18:37.638039
0,0,18:37.657974
8,0,18:37.677973
0,0,18:37.697987
8,0,18:37.717969
0,0,18:37.738557
16,0,18:37.758020
0,0,18:37.777975
0,0,18:37.798015
0,0,18:37.817982
0,0,18:37.838119
0,0,18:37.858157
0,0,18:37.878227
0,0,18:37.898720
0,0,18:37.918018
0,0,18:37.937881
0,0,18:37.957971
0,8,18:37.977823
0,0,18:37.997907
0,0,18:38.017958
0,0,18:38.037933
0,0,18:38.057879
0,0,18:38.077872
0,0,18:38.097986
0,0,18:38.117918
0,0,18:38.137987
0,0,18:38.157985
0,0,18:38.177919
0,0,18:38.197930
0,0,18:38.217915
0,0,18:38.238007
0,0,18:38.257956
0,0,18:38.278191
0,0,18:38.297930
0,0,18:38.317946
0,0,18:38.337974
0,8,18:38.358234
8,0,18:38.378203
0,0,18:38.398192
0,8,18:38.418027
0,0,18:38.437966
0,0,18:38.458029
0,0,18:38.477996
0,0,18:38.497906
0,0,18:38.517976
0,0,18:38.538026
0,0,18:38.558018
0,0,18:38.577936
0,0,18:38.597999
0,0,18:38.617923
0,0,18:38.639157
0,0,18:38.657923
0,0,18:38.677916
0,0,18:38.698042
0,0,18:38.717999
0,0,18:38.739169
0,0,18:38.758024
0,0,18:38.777977
0,0,18:38.798009
16,0,18:38.817929
0,0,18:38.839064
0,0,18:38.858161
0,0,18:38.878435
0,0,18:38.898612
0,0,18:38.917909
0,0,18:38.938811
0,0,18:38.957943
0,0,18:38.977816
0,0,18:38.997864
0,0,18:39.017993
0,0,18:39.039199
0,0,18:39.063685
0,0,18:39.078096
0,0,18:39.098131
0,0,18:39.117910
0,0,18:39.137918
0,0,18:39.157958
0,0,18:39.177917
0,8,18:39.197901
0,16,18:39.217976
0,0,18:39.238086
0,0,18:39.257974
0,0,18:39.277961
0,0,18:39.297986
0,0,18:39.317951
8,0,18:39.338556
0,0,18:39.358216
0,0,18:39.379014
0,0,18:39.398538
0,0,18:39.417998
0,0,18:39.438717
0,0,18:39.457850
0,0,18:39.477835
0,0,18:39.497868
0,0,18:39.517841
0,0,18:39.538754
0,0,18:39.558118
0,0,18:39.577981
0,0,18:39.597997
0,0,18:39.618006
0,0,18:39.638075
0,0,18:39.658367
0,0,18:39.678211
0,0,18:39.698075
0,0,18:39.718021
0,0,18:39.737894
0,0,18:39.757942
0,0,18:39.777876
0,0,18:39.797886
0,8,18:39.817978
0,0,18:39.838047
0,0,18:39.858256
0,0,18:39.878265
0,0,18:39.898706
0,0,18:39.918103
0,0,18:39.937815
0,0,18:39.957915
0,0,18:39.977783
0,0,18:39.997793
0,0,18:40.017807
0,0,18:40.038162
0,0,18:40.057992
8,0,18:40.077917
0,0,18:40.098003
0,8,18:40.117918
0,0,18:40.138008
0,0,18:40.158023
0,0,18:40.177989
0,0,18:40.197984
0,0,18:40.217963
0,0,18:40.238011
0,0,18:40.263839
0,0,18:40.277999
0,0,18:40.298076
0,0,18:40.317968
0,0,18:40.337934
0,0,18:40.358100
0,0,18:40.378616
0,0,18:40.398168
0,0,18:40.418124
0,0,18:40.437985
0,0,18:40.457966
0,0,18:40.477828
0,0,18:40.497849
0,0,18:40.517827
8,0,18:40.537979
0,0,18:40.558107
0,0,18:40.578029
0,0,18:40.597988
0,0,18:40.617964
0,0,18:40.638021
0,0,18:40.657974
0,0,18:40.677969
0,0,18:40.697983
0,0,18:40.717964
0,0,18:40.738192
0,0,18:40.758054
0,0,18:40.778005
0,0,18:40.797984
0,0,18:40.817977
0,0,18:40.838085
0,0,18:40.858222
0,0,18:40.879818
0,0,18:40.898521
0,0,18:40.918185
0,0,18:40.939466
0,0,18:40.957929
0,0,18:40.977824
0,0,18:40.997849
0,0,18:41.017894
0,0,18:41.038591
0,0,18:41.057978
0,0,18:41.077970
0,0,18:41.098024
24,0,18:41.117968
0,0,18:41.139245
8,0,18:41.158028
0,0,18:41.177965
0,0,18:41.198005
0,0,18:41.217969
0,0,18:41.239193
0,0,18:41.257932
0,0,18:41.277919
0,0,18:41.297971
0,0,18:41.317919
0,0,18:41.339030
0,0,18:41.358200
0,0,18:41.378334
0,0,18:41.400192
0,0,18:41.418070
0,0,18:41.438269
0,0,18:41.458057
0,0,18:41.478070
0,0,18:41.497860
0,0,18:41.517848
0,0,18:41.537887
0,0,18:41.558101
0,0,18:41.577980
16,0,18:41.598002
0,0,18:41.617975
0,0,18:41.638037
0,0,18:41.658008
0,0,18:41.677969
0,0,18:41.698018
0,0,18:41.717985
0,0,18:41.738030
0,0,18:41.758065
8,0,18:41.777970
0,0,18:41.797989
0,0,18:41.817974
0,0,18:41.838463
0,0,18:41.858159
0,0,18:41.878427
0,0,18:41.898672
0,0,18:41.918145
0,0,18:41.938020
0,0,18:41.958105
0,0,18:41.977898
0,0,18:41.997903
0,0,18:42.017951
0,0,18:42.037939
0,0,18:42.058138
0,0,18:42.078183
0,0,18:42.098023
0,0,18:42.117991
0,0,18:42.138041
0,0,18:42.158131
0,0,18:42.177978
0,0,18:42.197984
0,0,18:42.217967
0,0,18:42.238052
0,0,18:42.257977
0,0,18:42.278002
0,0,18:42.298000
0,0,18:42.317966
0,0,18:42.338564
0,0,18:42.358201
0,0,18:42.378562
0,0,18:42.398489
0,0,18:42.417938
0,0,18:42.438824
0,0,18:42.457858
0,0,18:42.477858
0,0,18:42.497981
0,0,18:42.518611
0,0,18:42.539035
0,0,18:42.557976
0,0,18:42.577920
0,0,18:42.598008
0,0,18:42.617988
0,0,18:42.639174
0,0,18:42.658302
0,0,18:42.678141
8,0,18:42.698049
8,0,18:42.717924
0,0,18:42.739149
0,0,18:42.758033
0,0,18:42.777924
0,0,18:42.797957
0,0,18:42.817991
0,0,18:42.839082
0,0,18:42.858149
0,0,18:42.878131
0,0,18:42.898383
0,8,18:42.918007
0,0,18:42.938799
0,0,18:42.957956
0,0,18:42.977864
0,0,18:42.998022
0,0,18:43.018013
0,0,18:43.039233
0,0,18:43.057993
0,0,18:43.078025
0,0,18:43.098012
0,0,18:43.117923
0,0,18:43.139017
0,0,18:43.157975
0,8,18:43.177920
0,0,18:43.197960
0,0,18:43.217925
0,0,18:43.238991
0,0,18:43.258251
0,0,18:43.278096
0,0,18:43.298092
0,0,18:43.317932
0,0,18:43.339029
0,0,18:43.358098
0,0,18:43.383927
0,0,18:43.398090
0,0,18:43.418076
0,0,18:43.438795
0,0,18:43.457881
0,0,18:43.477831
8,0,18:43.497874
8,0,18:43.517973
0,0,18:43.539240
0,0,18:43.558028
0,0,18:43.577966
8,0,18:43.598095
0,0,18:43.617919
0,0,18:43.638986
0,0,18:43.657918
0,0,18:43.677916
0,0,18:43.698027
0,0,18:43.717965
0,0,18:43.739194
0,0,18:43.758028
16,0,18:43.777959
0,0,18:43.798094
0,0,18:43.817922
0,0,18:43.839053
8,0,18:43.858154
0,0,18:43.878385
0,0,18:43.898239
8,0,18:43.918025
0,0,18:43.937923
0,0,18:43.957954
0,0,18:43.977867
8,16,18:43.997913
0,0,18:44.018030
0,0,18:44.038039
0,0,18:44.057971
0,0,18:44.077964
0,8,18:44.098016
8,0,18:44.117970
0,0,18:44.138028
0,0,18:44.158018
0,0,18:44.177966
0,0,18:44.197981
0,0,18:44.217974
0,0,18:44.238027
0,8,18:44.257970
0,0,18:44.277964
0,0,18:44.297995
0,0,18:44.317967
0,0,18:44.338024
0,0,18:44.358162
0,0,18:44.378234
0,0,18:44.398470
0,0,18:44.418045
0,0,18:44.437913
0,0,18:44.460852
0,0,18:44.477953
0,0,18:44.497883
0,0,18:44.517941
0,0,18:44.537979
0,0,18:44.558007
8,0,18:44.577941
0,0,18:44.597938
0,0,18:44.617980
0,0,18:44.638030
0,0,18:44.657971
0,0,18:44.677982
0,8,18:44.697975
0,0,18:44.717968
0,0,18:44.738065
8,0,18:44.758050
0,0,18:44.777969
0,8,18:44.797981
0,0,18:44.817967
0,0,18:44.838079
0,0,18:44.858155
0,0,18:44.878240
0,0,18:44.898840
8,0,18:44.918002
0,0,18:44.937912
0,0,18:44.957955
0,0,18:44.977854
0,0,18:44.997871
0,0,18:45.018020
0,0,18:45.038037
0,0,18:45.058293
0,0,18:45.078148
0,0,18:45.098133
0,0,18:45.118016
0,0,18:45.138033
0,0,18:45.158044
0,0,18:45.178039
0,0,18:45.197989
0,0,18:45.218015
0,0,18:45.238080
0,0,18:45.257970
0,0,18:45.277962
0,0,18:45.298048
0,0,18:45.317968
8,0,18:45.338027
0,0,18:45.358247
0,0,18:45.378292
0,0,18:45.399119
0,0,18:45.418191
0,0,18:45.437978
0,0,18:45.457883
0,0,18:45.477894
0,0,18:45.497895
0,0,18:45.517882
0,0,18:45.538059
0,0,18:45.558073
0,0,18:45.577966
0,0,18:45.598002
8,8,18:45.617968
0,0,18:45.638009
0,0,18:45.658360
0,0,18:45.678199
0,0,18:45.698072
0,0,18:45.717971
16,8,18:45.737961
0,0,18:45.758008
0,0,18:45.777929
0,0,18:45.797939
0,0,18:45.817915
0,0,18:45.838116
0,0,18:45.858157
0,0,18:45.880593
8,0,18:45.898730
0,0,18:45.918229
0,0,18:45.939036
0,0,18:45.957996
0,0,18:45.977889
0,0,18:45.997913
0,0,18:46.017926
0,8,18:46.038903
0,0,18:46.057948
0,0,18:46.077880
0,0,18:46.097944
0,0,18:46.117882
0,0,18:46.138827
8,8,18:46.157881
0,0,18:46.177829
0,8,18:46.197854
0,0,18:46.217824
0,0,18:46.238696
0,0,18:46.258029
0,0,18:46.277992
0,0,18:46.297908
8,0,18:46.317810
0,0,18:46.338574
0,0,18:46.358026
0,0,18:46.378022
0,0,18:46.398017
0,0,18:46.417879
0,0,18:46.438699
16,0,18:46.457797
0,0,18:46.477786
0,0,18:46.497818
0,0,18:46.517782
0,0,18:46.538622
8,0,18:46.557898
0,0,18:46.577829
0,0,18:46.597855
0,0,18:46.617824
0,0,18:46.638607
0,0,18:46.657811
0,0,18:46.677800
0,0,18:46.697829
0,8,18:46.717799
0,0,18:46.738550
0,0,18:46.757942
0,0,18:46.777851
8,0,18:46.797881
0,0,18:46.817871
0,0,18:46.838821
0,0,18:46.858020
0,0,18:46.878012
0,0,18:46.898006
0,0,18:46.917842
0,0,18:46.938611
0,0,18:46.957927
0,0,18:46.977834
0,0,18:46.997825
0,0,18:47.017825
0,0,18:47.038504
0,0,18:47.057848
0,0,18:47.077825
0,0,18:47.097900
0,0,18:47.117821
0,0,18:47.138637
0,0,18:47.157876
0,0,18:47.177811
0,0,18:47.197833
0,0,18:47.217824
0,0,18:47.238538
0,0,18:47.257995
0,0,18:47.277977
0,0,18:47.297889
0,0,18:47.317828
0,0,18:47.338640
0,0,18:47.362473
8,0,18:47.378031
0,0,18:47.398014
0,0,18:47.417919
0,0,18:47.438766
0,0,18:47.458029
0,0,18:47.477876
0,0,18:47.497782
0,0,18:47.517712
0,0,18:47.538199
0,0,18:47.557774
0,0,18:47.577726
0,0,18:47.597741
0,0,18:47.617715
0,0,18:47.638241
0,0,18:47.657713
0,0,18:47.677709
0,0,18:47.697740
0,0,18:47.717708
0,0,18:47.738178
0,0,18:47.757759
0,8,18:47.777998
0,0,18:47.797800
0,0,18:47.817757
16,0,18:47.838289
0,0,18:47.858388
0,0,18:47.877872
0,0,18:47.897917
0,0,18:47.917753
0,0,18:47.937790
0,0,18:47.957816
0,0,18:47.977752
0,0,18:47.997737
0,0,18:48.017769
0,0,18:48.037737
0,0,18:48.057981
0,0,18:48.077871
0,0,18:48.097825
0,0,18:48.117719
0,0,18:48.137886
0,0,18:48.157773
0,0,18:48.177966
0,0,18:48.197899
0,0,18:48.217883
0,0,18:48.237975
8,0,18:48.257889
0,0,18:48.277729
0,0,18:48.297782
0,0,18:48.317718
0,0,18:48.337761
0,0,18:48.358016
0,0,18:48.377890
0,0,18:48.397851
0,0,18:48.417811
0,0,18:48.437777
0,0,18:48.457867
0,0,18:48.477719
8,0,18:48.497735
0,0,18:48.517712
0,0,18:48.537747
8,0,18:48.557770
0,0,18:48.577733
0,0,18:48.597726
0,0,18:48.617712
0,0,18:48.637725
0,0,18:48.657996
0,0,18:48.677878
0,0,18:48.697747
8,0,18:48.717710
8,0,18:48.737748
0,0,18:48.757762
0,0,18:48.777759
0,0,18:48.797743
0,0,18:48.817857
0,0,18:48.837918
0,0,18:48.858003
0,0,18:48.877874
0,0,18:48.897872
0,0,18:48.917705
0,0,18:48.938268
8,8,18:48.957784
0,0,18:48.977723
0,0,18:48.997931
0,0,18:49.017936
0,0,18:49.039034
0,0,18:49.057951
0,0,18:49.077888
0,0,18:49.098000
0,0,18:49.117910
0,0,18:49.139210
0,0,18:49.157947
8,0,18:49.177929
0,0,18:49.197957
0,0,18:49.217912
0,0,18:49.239156
0,0,18:49.263877
0,0,18:49.278118
8,16,18:49.298092
0,0,18:49.317923
0,0,18:49.337949
0,0,18:49.358124
0,0,18:49.379129
0,0,18:49.398444
0,0,18:49.418023
0,0,18:49.438837
0,0,18:49.457857
0,0,18:49.477842
0,0,18:49.497961
0,0,18:49.517919
0,0,18:49.539054
0,0,18:49.557981
0,0,18:49.577944
8,0,18:49.598178
0,0,18:49.617964
0,0,18:49.639185
16,0,18:49.657963
0,0,18:49.677955
0,24,18:49.697947
0,0,18:49.717913
0,0,18:49.739008
16,0,18:49.757912
0,0,18:49.777930
0,0,18:49.798004
0,0,18:49.817962
0,0,18:49.839229
0,0,18:49.858798
0,0,18:49.878245
0,0,18:49.898228
0,0,18:49.918021
0,0,18:49.937899
0,0,18:49.957993
0,0,18:49.977862
0,8,18:49.997902
0,0,18:50.017914
0,0,18:50.037906
16,0,18:50.057881
8,0,18:50.077875
0,0,18:50.098060
0,0,18:50.117971
0,0,18:50.138029
16,0,18:50.158047
0,0,18:50.177987
0,0,18:50.198023
0,0,18:50.217961
0,0,18:50.238022
0,0,18:50.257962
0,0,18:50.277960
0,0,18:50.298080
0,0,18:50.317967
0,0,18:50.338578
0,0,18:50.360295
0,0,18:50.378266
0,0,18:50.398163
0,0,18:50.418037
0,0,18:50.437877
0,8,18:50.457996
0,0,18:50.477970
0,0,18:50.497983
0,8,18:50.517915
0,0,18:50.538117
0,0,18:50.557920
0,16,18:50.578006
0,8,18:50.597946
0,8,18:50.617968
0,0,18:50.638058
0,0,18:50.657996
0,0,18:50.677958
0,0,18:50.698004
0,0,18:50.717960
0,0,18:50.738017
0,0,18:50.757960
0,0,18:50.777976
0,0,18:50.797974
0,8,18:50.817966
0,0,18:50.838099
0,0,18:50.858465
8,0,18:50.878591
0,0,18:50.898372
0,0,18:50.918104
0,0,18:50.937992
0,0,18:50.957897
0,0,18:50.977931
0,0,18:50.997848
0,0,18:51.017956
0,0,18:51.037954
0,0,18:51.058300
0,0,18:51.078138
0,0,18:51.098109
0,0,18:51.117948
0,0,18:51.137976
0,0,18:51.157918
0,0,18:51.177995
0,0,18:51.197934
0,0,18:51.217978
0,0,18:51.238507
0,0,18:51.257920
0,0,18:51.277908
0,0,18:51.298018
0,16,18:51.317946
0,0,18:51.337968
0,0,18:51.358177
0,0,18:51.378196
8,0,18:51.398402
0,8,18:51.418224
0,0,18:51.438005
0,0,18:51.457784
8,0,18:51.477775
0,0,18:51.497848
0,0,18:51.517777
0,0,18:51.538764
0,0,18:51.557911
0,0,18:51.577977
0,0,18:51.597981
0,0,18:51.617923
0,0,18:51.638712
0,0,18:51.658233
0,16,18:51.678111
0,0,18:51.698127
0,0,18:51.718040
0,0,18:51.738524
0,0,18:51.757831
0,0,18:51.777934
0,0,18:51.797903
0,0,18:51.817829
0,0,18:51.838703
0,0,18:51.858116
0,0,18:51.878190
0,0,18:51.898421
0,0,18:51.918139
0,0,18:51.937978
0,0,18:51.957884
0,0,18:51.977877
0,0,18:51.997857
0,0,18:52.017857
0,0,18:52.037852
0,0,18:52.057996
0,8,18:52.077960
0,0,18:52.098002
0,0,18:52.117956
0,0,18:52.138183
0,0,18:52.157956
0,0,18:52.178006
0,0,18:52.197975
0,0,18:52.217939
0,0,18:52.238038
0,0,18:52.258373
0,0,18:52.278196
0,0,18:52.298142
0,0,18:52.318007
0,0,18:52.338158
0,0,18:52.358146
0,0,18:52.379377
0,8,18:52.399235
0,0,18:52.418053
0,0,18:52.437946
8,0,18:52.457974
0,0,18:52.477811
0,0,18:52.497835
0,0,18:52.517808
0,0,18:52.538168
0,0,18:52.557912
0,0,18:52.577967
0,0,18:52.597935
0,0,18:52.617901
0,0,18:52.638358
0,0,18:52.657904
0,0,18:52.677904
0,0,18:52.697930
0,0,18:52.718710
0,0,18:52.738468
0,0,18:52.758090
0,0,18:52.778033
0,0,18:52.797897
0,8,18:52.817871
0,0,18:52.838064
0,0,18:52.858206
0,0,18:52.878458
0,0,18:52.898392
0,0,18:52.918111
0,0,18:52.938078
0,0,18:52.957882
0,0,18:52.977917
0,0,18:52.997840
0,0,18:53.017824
0,0,18:53.037857
0,0,18:53.058010
0,0,18:53.077957
0,0,18:53.098007
0,0,18:53.117961
0,0,18:53.138001
0,0,18:53.157959
8,0,18:53.178059
0,0,18:53.197975
0,0,18:53.217991
0,0,18:53.238025
0,0,18:53.258460
0,0,18:53.278190
0,8,18:53.298145
0,0,18:53.317973
0,0,18:53.338013
0,0,18:53.358109
0,0,18:53.378402
0,0,18:53.398149
0,0,18:53.417965
0,0,18:53.437944
0,0,18:53.458031
0,0,18:53.478026
0,0,18:53.497901
0,0,18:53.517823
0,0,18:53.537875
8,0,18:53.557884
0,0,18:53.577987
0,0,18:53.597933
0,0,18:53.617917
0,0,18:53.638175
0,0,18:53.657989
0,0,18:53.677958
0,0,18:53.697966
0,0,18:53.717957
0,0,18:53.738026
0,0,18:53.757991
0,0,18:53.778010
0,0,18:53.797972
8,0,18:53.817953
0,0,18:53.838036
16,0,18:53.859176
0,16,18:53.879839
0,0,18:53.898139
0,0,18:53.917909
0,0,18:53.937875
0,0,18:53.957868
0,8,18:53.977886
0,0,18:53.997846
0,0,18:54.017829
0,0,18:54.037990
8,0,18:54.058100
0,8,18:54.078230
0,0,18:54.098065
0,0,18:54.117961
0,0,18:54.138164
0,0,18:54.157960
0,0,18:54.178044
0,0,18:54.197977
0,0,18:54.217960
0,0,18:54.238031
0,0,18:54.257965
0,0,18:54.277972
16,0,18:54.298050
0,0,18:54.317972
0,0,18:54.338216
0,0,18:54.358202
0,0,18:54.378172
0,0,18:54.398403
0,0,18:54.418107
0,0,18:54.438069
0,0,18:54.457915
0,0,18:54.477897
0,0,18:54.497888
0,0,18:54.517873
0,0,18:54.538208
0,0,18:54.557912
0,0,18:54.578028
0,16,18:54.597974
0,0,18:54.617955
0,0,18:54.638233
0,0,18:54.658335
0,0,18:54.678216
0,0,18:54.698078
0,0,18:54.717965
0,0,18:54.738218
0,0,18:54.757958
0,0,18:54.778075
0,0,18:54.797938
0,8,18:54.817906
8,0,18:54.837947
0,0,18:54.858151
24,0,18:54.878580
0,0,18:54.898052
0,0,18:54.917935
8,0,18:54.937894
0,0,18:54.957897
0,0,18:54.977907
0,0,18:54.998007
0,0,18:55.017990
0,0,18:55.038234
0,0,18:55.058027
0,0,18:55.077958
0,0,18:55.098004
0,0,18:55.117958
0,0,18:55.138071
0,8,18:55.157962
0,0,18:55.178017
0,0,18:55.197971
0,0,18:55.217954
0,0,18:55.238264
0,0,18:55.258335
0,0,18:55.278175
0,0,18:55.298130
0,0,18:55.317962
8,0,18:55.338228
0,0,18:55.358202
0,0,18:55.378258
0,0,18:55.398237
0,0,18:55.418076
0,0,18:55.438144
0,0,18:55.457873
0,0,18:55.477884
0,0,18:55.497980
0,0,18:55.517958
0,0,18:55.538029
0,0,18:55.557958
0,8,18:55.578014
0,0,18:55.597973
0,0,18:55.617958
0,0,18:55.637990
0,0,18:55.657956
0,0,18:55.677955
0,0,18:55.698011
0,8,18:55.717953
0,0,18:55.738023
0,0,18:55.757957
0,0,18:55.777999
0,0,18:55.797980
0,0,18:55.817956
0,0,18:55.837998
0,0,18:55.858211
0,8,18:55.878401
0,0,18:55.898292
0,0,18:55.918125
0,0,18:55.938000
0,0,18:55.958091
0,0,18:55.978421
0,0,18:55.998635
8,0,18:56.018220
0,0,18:56.038061
0,0,18:56.058044
0,0,18:56.078104
0,0,18:56.098494
0,0,18:56.118319
0,0,18:56.138274
0,0,18:56.158179
0,0,18:56.178025
0,0,18:56.198504
0,0,18:56.218290
0,0,18:56.238032
0,0,18:56.258187
0,0,18:56.278076
0,0,18:56.297999
0,8,18:56.318020
0,0,18:56.337992
0,0,18:56.357942
0,0,18:56.377888
0,0,18:56.398060
0,0,18:56.418074
0,0,18:56.438983
8,0,18:56.458880
8,8,18:56.478237
0,0,18:56.498140
0,0,18:56.518141
0,0,18:56.538899
0,0,18:56.557960
0,0,18:56.578028
0,0,18:56.598370
0,0,18:56.618345
0,0,18:56.638595
8,0,18:56.657970
0,0,18:56.677952
0,0,18:56.698168
0,0,18:56.718646
32,0,18:56.738397
0,16,18:56.758091
0,0,18:56.777973
0,0,18:56.798589
0,0,18:56.818786
0,8,18:56.838542
0,0,18:56.858006
0,0,18:56.878104
0,0,18:56.898275
0,0,18:56.918075
0,0,18:56.938153
0,0,18:56.957940
0,0,18:56.977955
0,0,18:56.998460
0,8,18:57.018233
8,0,18:57.038043
0,0,18:57.058055
0,0,18:57.078349
0,0,18:57.098323
0,0,18:57.118314
0,0,18:57.138461
0,0,18:57.158126
0,0,18:57.178067
0,0,18:57.198470
0,0,18:57.218200
0,0,18:57.238120
0,0,18:57.258237
0,0,18:57.277978
0,0,18:57.297990
0,0,18:57.317970
0,0,18:57.337944
0,0,18:57.357836
0,0,18:57.377758
0,0,18:57.397706
0,0,18:57.417683
0,8,18:57.437852
0,0,18:57.457846
0,0,18:57.477845
0,0,18:57.497704
0,0,18:57.517691
0,0,18:57.537810
0,0,18:57.557864
0,0,18:57.577859
0,0,18:57.597712
0,0,18:57.617686
0,0,18:57.637768
0,16,18:57.657681
0,0,18:57.677688
0,0,18:57.697742
0,0,18:57.717704
0,0,18:57.737694
0,0,18:57.757681
0,0,18:57.777761
0,0,18:57.797699
0,0,18:57.817678
16,0,18:57.837754
0,0,18:57.857777
0,0,18:57.877681
0,0,18:57.897691
0,0,18:57.917678
0,0,18:57.937721
0,0,18:57.957738
0,0,18:57.977725
0,0,18:57.997739
0,0,18:58.017687
0,0,18:58.037744
0,0,18:58.057710
0,0,18:58.077683
0,8,18:58.097697
0,0,18:58.117677
0,0,18:58.137743
0,0,18:58.157870
0,0,18:58.177797
0,0,18:58.197753
0,0,18:58.217752
0,0,18:58.238077
0,0,18:58.257969
0,0,18:58.277955
0,0,18:58.298005
0,0,18:58.318351
0,0,18:58.339350
0,0,18:58.357982
0,0,18:58.378042
0,0,18:58.397958
0,0,18:58.417905
0,0,18:58.439008
0,0,18:58.457945
8,0,18:58.477978
0,0,18:58.497941
8,8,18:58.517901
0,0,18:58.539351
0,0,18:58.557942
0,0,18:58.578048
0,8,18:58.597992
0,0,18:58.617954
0,0,18:58.639032
0,0,18:58.657908
0,0,18:58.677920
0,0,18:58.697932
0,0,18:58.717903
0,0,18:58.738499
0,0,18:58.757962
8,0,18:58.783344
0,0,18:58.797972
0,0,18:58.817959
0,0,18:58.838069
0,0,18:58.857862
0,8,18:58.877795
0,8,18:58.897833
0,0,18:58.917836
0,0,18:58.937984
0,0,18:58.957848
8,0,18:58.977886
0,0,18:58.997812
0,0,18:59.017822
0,8,18:59.038002
0,0,18:59.057836
0,8,18:59.077800
0,0,18:59.097834
0,0,18:59.117841
0,0,18:59.137926
0,0,18:59.157828
0,0,18:59.177847
0,0,18:59.197898
0,0,18:59.217795
0,0,18:59.238573
0,0,18:59.257823
0,0,18:59.277813
0,0,18:59.297865
0,0,18:59.317967
0,0,18:59.338725
8,0,18:59.357805
0,0,18:59.377865
0,0,18:59.397826
0,0,18:59.417789
0,0,18:59.438563
0,0,18:59.457822
0,0,18:59.477817
0,0,18:59.497840
0,0,18:59.517818
0,0,18:59.538609
0,0,18:59.557803
0,0,18:59.577848
0,0,18:59.597851
0,16,18:59.617792
8,0,18:59.638535
0,0,18:59.657820
16,0,18:59.677811
8,0,18:59.697836
0,0,18:59.717808
0,0,18:59.738595
0,0,18:59.757803
0,0,18:59.777843
0,0,18:59.797821
8,0,18:59.817791
0,0,18:59.838549
0,0,18:59.857899
8,0,18:59.877836
0,0,18:59.897870
0,0,18:59.917858
0,0,18:59.938733
0,0,18:59.957967
0,0,18:59.977849
0,0,18:59.997825
8,0,19:00.017795
0,0,19:00.038564
0,0,19:00.057846
0,0,19:00.077792
0,16,19:00.097819
0,0,19:00.117792
0,0,19:00.138530
0,0,19:00.157792
0,0,19:00.177887
0,0,19:00.197850
8,0,19:00.217818
0,0,19:00.238621
0,0,19:00.257852
0,0,19:00.277798
0,0,19:00.297817
0,0,19:00.317825
0,0,19:00.338551
0,0,19:00.357794
0,0,19:00.377867
0,0,19:00.397852
0,0,19:00.417991
0,0,19:00.438679
0,0,19:00.457990
0,0,19:00.477809
0,0,19:00.497826
0,0,19:00.517829
0,0,19:00.538541
0,0,19:00.557794
0,0,19:00.577879
0,0,19:00.597861
0,0,19:00.617818
0,0,19:00.638621
0,0,19:00.657809
0,0,19:00.677804
0,0,19:00.697815
0,0,19:00.717788
0,0,19:00.738579
0,0,19:00.757792
0,8,19:00.777907
0,0,19:00.797876
0,0,19:00.817841
0,0,19:00.838711
24,0,19:00.857871
0,0,19:00.877917
0,0,19:00.897833
0,0,19:00.917789
0,0,19:00.938564
0,0,19:00.957837
0,0,19:00.977861
0,0,19:00.997826
0,0,19:01.018007
24,0,19:01.038755
0,0,19:01.057885
0,0,19:01.077799
0,0,19:01.097848
0,0,19:01.117815
0,0,19:01.139452
0,0,19:01.157814
0,8,19:01.177810
0,0,19:01.197910
0,0,19:01.217839
0,0,19:01.237885
0,0,19:01.257833
0,0,19:01.277834
0,0,19:01.297846
0,0,19:01.317869
0,0,19:01.337879
0,0,19:01.357836
0,0,19:01.377907
0,0,19:01.397938
0,0,19:01.417913
0,0,19:01.438587
0,0,19:01.457909
0,0,19:01.477954
0,0,19:01.497978
0,0,19:01.517951
8,0,19:01.538015
0,0,19:01.557958
0,0,19:01.577948
0,0,19:01.597977
0,0,19:01.617957
24,0,19:01.638014
0,0,19:01.657967
0,0,19:01.677947
0,0,19:01.697963
0,0,19:01.717949
0,0,19:01.738539
0,0,19:01.757951
0,0,19:01.777949
0,0,19:01.797973
0,0,19:01.817952
0,0,19:01.838010
0,0,19:01.857978
0,0,19:01.877949
0,0,19:01.898012
0,0,19:01.917950
0,0,19:01.939005
0,8,19:01.957979
0,0,19:01.978097
0,0,19:01.998136
0,0,19:02.018162
0,16,19:02.039190
0,0,19:02.057962
0,0,19:02.077893
0,0,19:02.097979
0,0,19:02.117788
0,0,19:02.138609
8,0,19:02.157790
0,0,19:02.177786
0,0,19:02.197848
0,8,19:02.218043
0,0,19:02.239181
0,0,19:02.257959
8,0,19:02.277945
0,0,19:02.297981
0,0,19:02.317939
0,0,19:02.339009
0,0,19:02.357932
0,0,19:02.377899
0,0,19:02.397955
0,0,19:02.417964
0,0,19:02.439187
0,0,19:02.457952
8,0,19:02.477950
0,0,19:02.497985
0,0,19:02.517910
0,0,19:02.539102
0,0,19:02.557933
32,0,19:02.577918
0,0,19:02.597968
0,0,19:02.617906
0,0,19:02.638991
0,0,19:02.657900
0,0,19:02.677899
0,0,19:02.697933
0,0,19:02.717977
0,0,19:02.739161
8,0,19:02.757951
0,0,19:02.777946
0,0,19:02.798046
0,0,19:02.817977
0,0,19:02.838984
0,0,19:02.857928
0,0,19:02.877902
0,0,19:02.897934
0,0,19:02.917900
16,0,19:02.939163
0,0,19:02.958001
0,0,19:02.977958
0,0,19:02.998066
0,0,19:03.017954
0,0,19:03.039043
0,0,19:03.057898
0,0,19:03.077899
0,0,19:03.097983
8,0,19:03.117901
0,0,19:03.139230
0,0,19:03.157957
8,0,19:03.177947
0,0,19:03.198026
0,0,19:03.217949
16,0,19:03.239020
0,0,19:03.258014
0,0,19:03.277955
0,0,19:03.297938
0,0,19:03.317936
0,8,19:03.339244
0,0,19:03.358008
0,0,19:03.377952
0,0,19:03.398011
0,0,19:03.417952
0,0,19:03.439010
0,0,19:03.457920
0,0,19:03.477944
0,16,19:03.497976
0,0,19:03.517907
0,0,19:03.539231
0,0,19:03.557950
0,0,19:03.577949
0,0,19:03.598011
0,0,19:03.617954
0,0,19:03.639275
0,0,19:03.657900
0,0,19:03.677905
0,0,19:03.697929
0,0,19:03.717895
0,0,19:03.739201
0,0,19:03.757956
0,0,19:03.777959
0,0,19:03.798027
0,8,19:03.817953
0,0,19:03.839284
0,0,19:03.857941
0,0,19:03.877944
0,0,19:03.897937
0,0,19:03.917946
0,0,19:03.938993
0,0,19:03.958014
0,0,19:03.977903
0,0,19:03.997972
0,0,19:04.017932
0,0,19:04.039013
0,0,19:04.057999
0,0,19:04.077949
0,0,19:04.097985
0,0,19:04.117950
0,0,19:04.139215
16,0,19:04.157905
0,8,19:04.177902
0,0,19:04.197959
0,0,19:04.217902
0,0,19:04.238968
0,0,19:04.257955
0,0,19:04.277945
0,0,19:04.297982
0,0,19:04.317981
0,0,19:04.339188
0,0,19:04.357909
8,0,19:04.377898
0,0,19:04.397962
0,0,19:04.417932
0,0,19:04.438998
0,0,19:04.458029
0,0,19:04.477904
0,0,19:04.497945
0,0,19:04.517914
0,0,19:04.539010
0,0,19:04.557957
8,0,19:04.577987
0,0,19:04.598009
8,0,19:04.617946
0,0,19:04.639187
0,0,19:04.657914
0,0,19:04.677902
0,0,19:04.697932
0,0,19:04.717896
0,0,19:04.738951
0,0,19:04.757975
0,0,19:04.777951
0,0,19:04.798005
0,0,19:04.817946
0,0,19:04.839175
0,0,19:04.858072
0,0,19:04.877927
0,8,19:04.897937
0,0,19:04.917895
0,0,19:04.938963
0,0,19:04.958031
0,0,19:04.977949
0,0,19:04.998020
0,0,19:05.017946
0,0,19:05.039201
0,0,19:05.058045
0,0,19:05.077898
0,0,19:05.097969
0,0,19:05.117900
0,0,19:05.138964
0,0,19:05.157913
0,0,19:05.177986
0,0,19:05.198015
0,0,19:05.217946
0,0,19:05.239172
0,0,19:05.257945
0,0,19:05.277900
0,0,19:05.297934
0,0,19:05.317938
0,0,19:05.339036
0,0,19:05.357898
0,0,19:05.377968
0,0,19:05.398002
0,0,19:05.418113
0,0,19:05.439243
0,0,19:05.457950
0,0,19:05.477908
0,0,19:05.497936
0,0,19:05.517896
0,0,19:05.538563
0,8,19:05.557924
0,0,19:05.577963
0,0,19:05.598037
0,0,19:05.617956
0,0,19:05.638016
8,0,19:05.657950
0,0,19:05.677953
0,0,19:05.697965
0,0,19:05.717946
0,0,19:05.738544
0,0,19:05.757947
0,0,19:05.778201
0,0,19:05.798222
0,0,19:05.818130
0,0,19:05.838015
8,0,19:05.858001
0,0,19:05.877961
0,8,19:05.897881
0,0,19:05.917865
0,0,19:05.937909
0,0,19:05.957941
0,0,19:05.977936
0,0,19:05.998029
8,0,19:06.017965
0,0,19:06.038010
0,0,19:06.057946
0,0,19:06.077977
0,0,19:06.097972
0,0,19:06.117944
0,0,19:06.138007
0,0,19:06.157945
0,0,19:06.177982
0,0,19:06.198047
0,0,19:06.217945
0,0,19:06.238015
0,8,19:06.258033
0,0,19:06.277943
16,0,19:06.297964
0,0,19:06.317978
0,0,19:06.338014
8,0,19:06.357947
0,0,19:06.377947
0,0,19:06.398025
0,0,19:06.417970
0,0,19:06.438073
0,0,19:06.457953
0,0,19:06.477966
0,0,19:06.497960
0,0,19:06.517946
0,0,19:06.538457
8,0,19:06.557948
0,0,19:06.577942
0,0,19:06.598044
0,0,19:06.617946
0,0,19:06.638012
0,0,19:06.657946
16,0,19:06.677942
0,0,19:06.697956
0,8,19:06.717977
0,0,19:06.738006
8,0,19:06.757948
16,0,19:06.777954
0,0,19:06.798073
0,0,19:06.817966
0,0,19:06.838637
0,0,19:06.857964
0,16,19:06.877953
0,0,19:06.897964
0,0,19:06.917943
0,8,19:06.938041
0,0,19:06.958034
0,8,19:06.977952
0,0,19:06.998058
0,0,19:07.017942
0,8,19:07.038011
0,0,19:07.057984
0,0,19:07.077943
0,0,19:07.097962
0,0,19:07.117948
0,0,19:07.138432
0,0,19:07.157958
0,16,19:07.177972
0,0,19:07.198060
0,0,19:07.217941
0,0,19:07.238016
0,0,19:07.257948
0,0,19:07.277943
16,0,19:07.297955
0,8,19:07.317974
0,0,19:07.338562
0,0,19:07.357943
0,0,19:07.377941
0,0,19:07.398113
0,0,19:07.417939
8,0,19:07.438012
0,0,19:07.457947
0,0,19:07.477944
0,0,19:07.497963
0,0,19:07.518199
8,0,19:07.538217
0,0,19:07.558156
0,16,19:07.578174
0,0,19:07.598003
0,0,19:07.618079
0,0,19:07.638028
0,24,19:07.657792
0,0,19:07.677794
0,0,19:07.697809
0,8,19:07.717866
0,0,19:07.737982
0,0,19:07.757833
0,0,19:07.777828
0,0,19:07.797938
0,0,19:07.817951
0,0,19:07.838064
0,0,19:07.857975
0,8,19:07.877953
8,0,19:07.898047
0,0,19:07.917971
0,0,19:07.938052
0,0,19:07.958039
0,0,19:07.977949
8,0,19:07.998068
0,0,19:08.017907
0,0,19:08.038162
0,0,19:08.057898
0,0,19:08.077891
0,0,19:08.097908
0,0,19:08.117957
0,0,19:08.138288
0,8,19:08.157949
0,0,19:08.177953
0,0,19:08.198062
8,0,19:08.217909
0,0,19:08.238136
8,0,19:08.257899
0,0,19:08.277895
0,0,19:08.297910
0,0,19:08.318030
0,0,19:08.338012
0,0,19:08.357948
0,0,19:08.378040
0,0,19:08.398049
0,0,19:08.417946
0,0,19:08.438000
0,0,19:08.457950
0,0,19:08.478067
0,0,19:08.497971
0,0,19:08.517981
0,0,19:08.538041
0,0,19:08.557944
0,0,19:08.577942
0,0,19:08.598072
0,0,19:08.617941
16,8,19:08.638162
0,0,19:08.658232
0,0,19:08.678252
0,0,19:08.698267
0,0,19:08.718237
0,0,19:08.738711
0,0,19:08.757983
0,0,19:08.778009
0,0,19:08.797983
0,0,19:08.817968
0,0,19:08.837968
0,0,19:08.857928
0,0,19:08.877930
0,0,19:08.897981
0,0,19:08.917968
0,0,19:08.937992
0,0,19:08.957903
0,0,19:08.977904
0,0,19:08.997923
0,0,19:09.017869
0,0,19:09.038283
0,0,19:09.057914
0,0,19:09.077936
0,0,19:09.097840
0,0,19:09.117715
0,0,19:09.137730
0,0,19:09.157701
0,0,19:09.177691
0,0,19:09.197801
0,0,19:09.217704
0,0,19:09.237946
0,0,19:09.257978
0,0,19:09.277881
8,0,19:09.297846
8,0,19:09.317869
0,0,19:09.337908
0,0,19:09.357959
0,0,19:09.377842
0,0,19:09.397768
0,0,19:09.417696
0,0,19:09.438016
0,0,19:09.457829
0,0,19:09.477834
0,0,19:09.497841
0,0,19:09.517826
0,0,19:09.537892
0,0,19:09.557947
0,0,19:09.577944
0,0,19:09.598020
0,0,19:09.617953
0,0,19:09.638088
0,0,19:09.657977
0,0,19:09.677945
0,0,19:09.698063
0,0,19:09.717944
0,0,19:09.737974
0,8,19:09.757945
0,0,19:09.777941
0,0,19:09.798086
0,0,19:09.817946
0,0,19:09.838020
0,0,19:09.857952
0,0,19:09.878013
0,0,19:09.897961
0,0,19:09.917964
0,0,19:09.938017
0,0,19:09.957999
0,0,19:09.977948
0,0,19:09.998025
8,0,19:10.017949
0,0,19:10.038217
0,0,19:10.058054
0,0,19:10.077945
0,0,19:10.097957
0,0,19:10.117943
16,0,19:10.138048
0,0,19:10.157974
0,0,19:10.177968
0,0,19:10.198104
0,0,19:10.217948
0,16,19:10.238016
0,8,19:10.257963
0,8,19:10.277942
0,0,19:10.297960
0,0,19:10.318048
0,0,19:10.338137
0,0,19:10.357950
0,0,19:10.377966
0,0,19:10.398033
0,16,19:10.418109
0,0,19:10.438005
0,0,19:10.457952
0,0,19:10.477939
0,0,19:10.497956
0,0,19:10.517946
0,0,19:10.537986
0,0,19:10.557952
0,0,19:10.577959
0,0,19:10.598057
0,0,19:10.617983
0,0,19:10.637979
0,0,19:10.657982
0,0,19:10.677938
0,0,19:10.697954
0,0,19:10.717938
0,0,19:10.738010
0,0,19:10.757946
0,8,19:10.777939
0,0,19:10.798067
0,8,19:10.818045
0,0,19:10.838134
0,0,19:10.857943
0,0,19:10.877969
16,0,19:10.897908
0,0,19:10.917892
0,0,19:10.937960
0,0,19:10.957945
0,0,19:10.977954
0,0,19:10.998024
0,8,19:11.017946
0,0,19:11.038043
8,8,19:11.058029
0,0,19:11.077983
0,0,19:11.097956
0,0,19:11.117941
0,0,19:11.138024
0,0,19:11.157961
0,0,19:11.177949
0,0,19:11.198045
0,0,19:11.217962
0,0,19:11.238178
0,0,19:11.258118
0,0,19:11.277915
0,0,19:11.297974
8,0,19:11.318065
0,0,19:11.337944
0,0,19:11.357904
0,0,19:11.377977
0,0,19:11.398044
16,0,19:11.417968
0,0,19:11.438031
0,0,19:11.457967
0,0,19:11.478045
16,0,19:11.497918
0,0,19:11.517900
0,0,19:11.538407
0,0,19:11.557895
0,0,19:11.578271
0,0,19:11.597952
0,0,19:11.617879
0,0,19:11.637933
0,0,19:11.657862
0,0,19:11.677860
8,0,19:11.697820
0,0,19:11.717805
0,0,19:11.737822
0,0,19:11.757827
8,0,19:11.777817
0,0,19:11.797873
0,0,19:11.817810
0,0,19:11.837830
0,0,19:11.857807
0,0,19:11.877832
0,0,19:11.897848
8,0,19:11.917848
0,0,19:11.938012
0,0,19:11.957884
0,0,19:11.977823
0,0,19:11.997903
0,16,19:12.017830
0,0,19:12.038039
0,0,19:12.057828
0,0,19:12.077831
0,0,19:12.097806
0,0,19:12.117780
0,0,19:12.137828
0,0,19:12.157781
0,0,19:12.177774
0,0,19:12.197886
0,0,19:12.217861
0,0,19:12.237850
8,0,19:12.257845
0,0,19:12.277802
0,0,19:12.297814
0,0,19:12.317831
0,8,19:12.337845
0,0,19:12.357801
0,0,19:12.377795
0,0,19:12.397861
0,0,19:12.417783
0,0,19:12.437821
0,0,19:12.457780
0,0,19:12.477908
0,0,19:12.497807
0,0,19:12.517828
0,0,19:12.537881
0,0,19:12.557827
0,0,19:12.577819
0,0,19:12.597918
0,8,19:12.617788
0,0,19:12.637815
0,0,19:12.657789
0,8,19:12.677817
0,16,19:12.697848
0,0,19:12.717825
0,0,19:12.737878
0,0,19:12.757827
0,0,19:12.777820
0,0,19:12.797887
0,0,19:12.817810
0,0,19:12.837903
0,0,19:12.857795
8,8,19:12.877834
0,0,19:12.897806
0,0,19:12.917834
0,0,19:12.938000
0,0,19:12.957877
0,0,19:12.977828
0,0,19:12.997884
0,0,19:13.017796
0,0,19:13.037945
0,8,19:13.057834
0,0,19:13.077782
8,0,19:13.097793
0,0,19:13.117835
0,0,19:13.138048
8,0,19:13.157829
0,0,19:13.177820
0,0,19:13.197834
16,0,19:13.217819
0,0,19:13.237948
0,0,19:13.258020
0,0,19:13.277974
8,0,19:13.297822
0,0,19:13.317919
0,0,19:13.338025
0,0,19:13.357900
8,0,19:13.377944
0,0,19:13.397918
0,0,19:13.417829
0,0,19:13.437887
0,0,19:13.457806
0,0,19:13.477849
16,0,19:13.497813
0,0,19:13.517837
0,0,19:13.537909
0,0,19:13.557827
0,16,19:13.577828
0,0,19:13.597882
0,0,19:13.617798
0,0,19:13.637917
0,0,19:13.657783
0,0,19:13.677776
0,0,19:13.697792
0,0,19:13.717783
0,0,19:13.737880
0,0,19:13.757822
0,0,19:13.777825
0,0,19:13.797831
0,16,19:13.817879
0,0,19:13.837979
0,0,19:13.857885
0,0,19:13.877859
0,0,19:13.897817
0,0,19:13.917806
0,0,19:13.937939
0,8,19:13.957861
0,0,19:13.977786
0,0,19:13.997795
0,0,19:14.017872
0,0,19:14.037880
0,0,19:14.057839
0,0,19:14.077796
0,0,19:14.097851
0,0,19:14.117835
0,0,19:14.137927
0,0,19:14.157779
0,0,19:14.177778
0,0,19:14.197790
0,0,19:14.217832
0,0,19:14.238213
0,0,19:14.257957
0,0,19:14.277945
0,0,19:14.297957
0,0,19:14.317969
0,0,19:14.338145
0,0,19:14.357948
0,0,19:14.377935
0,0,19:14.397959
0,0,19:14.417998
0,0,19:14.438203
8,0,19:14.457943
0,0,19:14.477936
0,0,19:14.497948
0,0,19:14.517972
0,0,19:14.538006
0,0,19:14.558004
0,0,19:14.577939
0,0,19:14.597954
0,0,19:14.618013
0,0,19:14.638208
0,0,19:14.657941
0,0,19:14.677937
0,24,19:14.697951
0,0,19:14.717937
0,0,19:14.738240
0,0,19:14.757943
0,0,19:14.777935
0,8,19:14.797945
0,0,19:14.817995
0,0,19:14.838013
0,0,19:14.857943
0,0,19:14.878007
0,0,19:14.897969
0,0,19:14.917939
0,0,19:14.938001
0,0,19:14.958025
8,0,19:14.977982
0,0,19:14.997952
0,0,19:15.017993
0,0,19:15.038061
0,0,19:15.057937
0,0,19:15.077948
0,0,19:15.097954
0,0,19:15.117934
0,0,19:15.138013
0,0,19:15.157939
0,0,19:15.177951
0,0,19:15.197980
0,0,19:15.218018
0,0,19:15.238147
0,8,19:15.257939
0,0,19:15.277947
0,0,19:15.297953
0,0,19:15.317973
0,0,19:15.338047
0,16,19:15.357942
0,0,19:15.377938
0,0,19:15.397952
0,0,19:15.418152
0,0,19:15.438013
0,0,19:15.457953
0,0,19:15.477939
0,0,19:15.497951
0,0,19:15.517936
0,0,19:15.538005
0,0,19:15.557941
16,0,19:15.577936
8,0,19:15.597947
0,0,19:15.617994
0,0,19:15.638220
0,0,19:15.657974
0,0,19:15.677939
0,8,19:15.697985
0,0,19:15.717938
0,0,19:15.738004
0,0,19:15.757941
0,0,19:15.777941
0,0,19:15.797944
0,0,19:15.818009
0,0,19:15.838205
16,0,19:15.857945
0,0,19:15.878024
0,0,19:15.897952
0,0,19:15.917956
0,0,19:15.938089
0,0,19:15.957996
0,0,19:15.977942
0,0,19:15.997949
0,0,19:16.017997
0,0,19:16.038199
0,0,19:16.058045
0,0,19:16.077949
0,0,19:16.097957
8,0,19:16.117962
0,0,19:16.138007
0,0,19:16.157941
0,0,19:16.177936
0,0,19:16.197945
0,8,19:16.218007
0,0,19:16.238188
0,0,19:16.257941
0,0,19:16.277933
0,0,19:16.297944
0,0,19:16.317961
0,0,19:16.338185
0,0,19:16.357937
0,0,19:16.377981
0,8,19:16.397953
0,0,19:16.418027
0,0,19:16.438227
0,0,19:16.457934
0,0,19:16.477981
0,8,19:16.497959
0,0,19:16.517935
0,0,19:16.538189
0,0,19:16.557936
8,0,19:16.577950
0,0,19:16.597951
0,0,19:16.617996
0,0,19:16.638205
0,0,19:16.657938
0,0,19:16.677932
0,0,19:16.697947
0,0,19:16.717934
8,0,19:16.738001
0,0,19:16.757937
0,0,19:16.777940
0,0,19:16.797976
0,0,19:16.818001
8,0,19:16.838014
0,0,19:16.857960
0,0,19:16.878012
0,0,19:16.897954
0,0,19:16.917936
0,8,19:16.938021
0,0,19:16.957986
0,0,19:16.977938
0,0,19:16.997952
0,0,19:17.018014
0,0,19:17.038238
0,0,19:17.057942
16,0,19:17.077986
0,0,19:17.097951
0,0,19:17.117936
0,0,19:17.138007
0,0,19:17.157935
0,0,19:17.177969
0,0,19:17.197962
0,0,19:17.218018
0,0,19:17.238197
0,0,19:17.257952
0,0,19:17.277972
8,0,19:17.297950
0,0,19:17.317958
0,0,19:17.338193
0,0,19:17.357936
0,0,19:17.377937
0,16,19:17.397947
0,0,19:17.417986
0,0,19:17.438015
0,0,19:17.457943
0,8,19:17.477931
0,0,19:17.497985
0,0,19:17.517933
8,0,19:17.538010
0,0,19:17.557937
0,8,19:17.577931
0,0,19:17.597948
0,0,19:17.618005
8,0,19:17.638200
0,0,19:17.657936
0,0,19:17.677935
0,0,19:17.697947
0,0,19:17.717946
0,0,19:17.738003
8,0,19:17.757937
0,0,19:17.777933
0,0,19:17.797943
16,0,19:17.817987
0,0,19:17.838197
0,0,19:17.857944
0,0,19:17.878006
0,0,19:17.897955
0,0,19:17.917937
0,0,19:17.938004
0,0,19:17.958030
0,0,19:17.977935
0,0,19:17.997955
0,0,19:18.018053
0,0,19:18.038201
0,0,19:18.057944
16,0,19:18.077932
0,0,19:18.098031
8,0,19:18.117936
0,0,19:18.138196
0,0,19:18.157939
0,0,19:18.177945
0,16,19:18.197987
0,0,19:18.218029
0,0,19:18.238200
0,0,19:18.258005
0,0,19:18.278061
0,0,19:18.297957
0,0,19:18.317937
0,0,19:18.337985
0,0,19:18.357889
0,0,19:18.377885
0,0,19:18.397898
0,8,19:18.418061
16,0,19:18.438030
8,0,19:18.457937
0,0,19:18.477940
0,0,19:18.497966
8,0,19:18.517936
0,0,19:18.538007
0,0,19:18.557999
0,0,19:18.577950
0,0,19:18.597953
0,0,19:18.617993
0,0,19:18.638080
0,0,19:18.657943
0,0,19:18.677952
0,0,19:18.697959
0,0,19:18.717948
0,0,19:18.738022
0,0,19:18.757937
0,0,19:18.777937
0,0,19:18.797944
0,0,19:18.818015
0,0,19:18.838004
0,0,19:18.857963
8,0,19:18.878034
0,0,19:18.897963
0,0,19:18.917957
0,0,19:18.938030
0,0,19:18.957985
0,0,19:18.977956
0,0,19:18.997951
0,0,19:19.018023
0,0,19:19.038031
0,24,19:19.058010
0,0,19:19.077942
0,0,19:19.097992
0,0,19:19.117972
0,0,19:19.138008
0,0,19:19.157936
0,0,19:19.177927
0,0,19:19.197940
0,0,19:19.218006
0,0,19:19.238193
0,0,19:19.257936
0,0,19:19.277932
0,0,19:19.297943
0,0,19:19.317994
0,0,19:19.338222
0,0,19:19.357956
0,16,19:19.377934
0,0,19:19.397944
0,0,19:19.418003
0,0,19:19.438021
0,0,19:19.457964
0,0,19:19.477946
0,0,19:19.497951
0,0,19:19.517940
0,0,19:19.538001
0,8,19:19.557975
0,0,19:19.577933
0,0,19:19.597945
0,0,19:19.617997
0,16,19:19.638198
0,0,19:19.657938
0,0,19:19.677932
0,0,19:19.697942
0,0,19:19.717930
0,0,19:19.738001
0,0,19:19.757933
0,0,19:19.777976
0,16,19:19.797946
0,0,19:19.817984
0,0,19:19.838200
0,0,19:19.857933
0,0,19:19.877990
0,0,19:19.897946
0,0,19:19.917951
0,0,19:19.938051
0,0,19:19.957972
0,0,19:19.977934
0,0,19:19.997949
0,0,19:20.018048
0,0,19:20.038186
0,0,19:20.057938
0,8,19:20.077932
0,0,19:20.098007
0,0,19:20.117932
0,0,19:20.138002
0,0,19:20.157935
0,0,19:20.177953
0,0,19:20.197944
0,0,19:20.218013
0,0,19:20.238248
0,0,19:20.257935
0,0,19:20.277940
0,0,19:20.297941
0,0,19:20.317957
0,0,19:20.338190
0,0,19:20.357934
0,0,19:20.377932
0,0,19:20.397947
0,0,19:20.418099
0,0,19:20.438024
0,0,19:20.457936
0,0,19:20.478010
0,0,19:20.497949
0,0,19:20.517935
8,0,19:20.538004
0,0,19:20.557935
0,0,19:20.577928
0,0,19:20.597948
0,0,19:20.618009
0,0,19:20.638205
0,0,19:20.657945
0,0,19:20.677931
16,0,19:20.697958
0,0,19:20.721129
0,0,19:20.739614
0,0,19:20.758038
0,0,19:20.777906
0,0,19:20.797888
8,0,19:20.817920
0,16,19:20.838876
16,0,19:20.857944
0,0,19:20.877963
0,0,19:20.897974
0,0,19:20.917931
0,0,19:20.939188
0,0,19:20.958021
0,0,19:20.977930
0,0,19:20.997968
0,0,19:21.017988
0,0,19:21.039196
0,0,19:21.057935
0,0,19:21.077885
0,0,19:21.097922
0,0,19:21.117882
0,0,19:21.138973
0,0,19:21.157905
0,0,19:21.177936
0,0,19:21.197963
0,8,19:21.218003
0,0,19:21.239188
8,8,19:21.257933
0,0,19:21.277941
0,0,19:21.297923
0,0,19:21.317954
0,0,19:21.339009
0,0,19:21.357883
0,0,19:21.377886
0,0,19:21.397954
0,0,19:21.417973
16,0,19:21.439016
0,0,19:21.457887
0,8,19:21.477948
0,0,19:21.497969
0,0,19:21.517935
0,0,19:21.539170
0,0,19:21.557931
0,0,19:21.577895
0,0,19:21.597917
0,0,19:21.617970
0,0,19:21.638965
0,0,19:21.657885
0,0,19:21.677962
0,0,19:21.697972
0,0,19:21.717962
0,0,19:21.739155
0,0,19:21.757933
0,0,19:21.777935
0,0,19:21.797914
0,0,19:21.817953
0,0,19:21.839008
0,0,19:21.857908
0,0,19:21.877911
0,0,19:21.897972
8,0,19:21.917930
0,0,19:21.938449
0,0,19:21.958062
0,0,19:21.977943
0,0,19:21.997955
0,0,19:22.018047
0,0,19:22.037979
0,0,19:22.057966
0,0,19:22.077948
0,8,19:22.097955
0,0,19:22.117933
0,0,19:22.137992
0,0,19:22.157931
8,0,19:22.178066
0,0,19:22.197946
0,0,19:22.218031
0,0,19:22.238000
0,0,19:22.257940
0,0,19:22.277928
0,0,19:22.297940
0,0,19:22.317961
0,0,19:22.337995
0,0,19:22.357931
0,0,19:22.377927
0,0,19:22.397939
0,0,19:22.418041
0,0,19:22.438014
0,0,19:22.457934
0,0,19:22.477930
0,0,19:22.497941
0,0,19:22.517931
0,0,19:22.538025
16,0,19:22.558040
8,0,19:22.577937
0,0,19:22.597950
0,0,19:22.618014
0,0,19:22.638006
0,0,19:22.657933
0,0,19:22.677929
0,0,19:22.697975
8,0,19:22.717930
0,0,19:22.738552
0,0,19:22.757932
0,0,19:22.777981
0,8,19:22.797977
0,0,19:22.818022
0,16,19:22.837998
0,0,19:22.857931
0,0,19:22.877952
8,0,19:22.897946
0,0,19:22.917926
0,8,19:22.937986
0,0,19:22.958022
0,0,19:22.977931
0,0,19:22.997980
0,0,19:23.018043
0,0,19:23.037998
0,0,19:23.057943
0,0,19:23.077927
0,0,19:23.097940
0,0,19:23.117925
0,0,19:23.138376
0,0,19:23.157928
0,0,19:23.177926
0,0,19:23.197938
0,0,19:23.218044
0,0,19:23.238013
0,0,19:23.257929
0,0,19:23.277929
0,0,19:23.297940
8,0,19:23.317930
0,0,19:23.338001
0,0,19:23.357930
0,0,19:23.377930
0,0,19:23.397941
0,0,19:23.418016
0,0,19:23.438013
8,0,19:23.457976
0,8,19:23.477929
0,0,19:23.498005
0,0,19:23.517933
0,0,19:23.541887
