"0,003187894821167"
"0,001341819763184"
"0,001470565795898"
"0,001353740692139"
"0,001537561416626"
"0,001361131668091"
"0,001684427261353"
"0,001364231109619"
"0,001354455947876"
"0,001364707946777"
"0,001269578933716"
"0,001314640045166"
"0,001299381256104"
"0,001489639282227"
"0,001547336578369"
"0,001761198043823"
"0,002144813537598"
"0,001770496368408"
"0,001701354980469"
"0,00203013420105"
"0,002133131027222"
"0,001926422119141"
"0,002248048782349"
"0,002270221710205"
"0,002319574356079"
"0,001827716827393"
"0,002204895019531"
"0,002282381057739"
"0,00186014175415"
"0,001778841018677"
"0,00180721282959"
"0,001816987991333"
"0,003015041351318"
"0,002827882766724"
"0,003164768218994"
"0,001694917678833"
"0,001712083816528"
"0,002723455429077"
"0,001697778701782"
"0,001662969589233"
"0,001513242721558"
"0,001480340957642"
"0,001429796218872"
"0,001470804214478"
"0,001516103744507"
"0,001447439193726"
"0,001427173614502"
"0,001511573791504"
"0,001485347747803"
"0,00142240524292"
"0,001429796218872"
"0,001447439193726"
"0,001485586166382"
"0,001418828964233"
"0,001409292221069"
"0,001503467559814"
"0,001472949981689"
"0,001440763473511"
"0,001513957977295"
"0,00154185295105"
"0,001660346984863"
"0,001687049865723"
"0,001657009124756"
"0,001891136169434"
"0,00170111656189"
"0,001978158950806"
"0,001780271530151"
"0,002055883407593"
"0,002036333084106"
"0,002064943313599"
"0,001902103424072"
"0,001995325088501"
"0,002249956130981"
"0,001767873764038"
"0,001799583435059"
"0,001507520675659"
"0,00169038772583"
"0,00135326385498"
"0,001253128051758"
"0,001421928405762"
"0,001391649246216"
"0,001254558563232"
"0,001250982284546"
"0,001256942749023"
"0,001246452331543"
"0,001241445541382"
"0,001591444015503"
"0,001271486282349"
"0,001248121261597"
"0,001241207122803"
"0,001281499862671"
"0,001238107681274"
"0,001275062561035"
"0,001240491867065"
"0,001274585723877"
"0,001245975494385"
"0,001236438751221"
"0,001563549041748"
"0,001540899276733"
"0,001478433609009"
"0,001420736312866"
"0,001566410064697"
"0,001433134078979"
"0,001504898071289"
"0,001492261886597"
"0,001492500305176"
"0,001394987106323"
"0,001333951950073"
"0,001444578170776"
"0,001422166824341"
"0,001416921615601"
"0,001693248748779"
"0,001571893692017"
"0,001788377761841"
"0,001760721206665"
"0,0080406665802"
"0,00164008140564"
"0,001611232757568"
"0,001613855361938"
"0,001795530319214"
"0,006083011627197"
"0,001433372497559"
"0,001445055007935"
"0,001612663269043"
"0,001510143280029"
"0,001489400863647"
"0,001498222351074"
"0,001719236373901"
"0,001477718353271"
"0,00159478187561"
"0,007874965667725"
"0,001420736312866"
"0,001350879669189"
"0,00133490562439"
"0,001400470733643"
"0,001563549041748"
"0,001604557037354"
"0,00165581703186"
"0,001415729522705"
"0,001330852508545"
"0,001264095306396"
"0,001399755477905"
"0,001286745071411"
"0,001258134841919"
"0,001264572143555"
"0,001427412033081"
"0,001509666442871"
"0,001427412033081"
"0,0018150806427"
"0,001559972763062"
"0,001430511474609"
"0,001791000366211"
"0,001606225967407"
"0,001489162445068"
"0,001489162445068"
"0,001916408538818"
"0,001602649688721"
"0,001636028289795"
"0,001591205596924"
"0,001916408538818"
"0,001896142959595"
"0,001912117004395"
"0,001842975616455"
"0,001879692077637"
"0,001806259155273"
"0,00208854675293"
"0,002042531967163"
"0,002050161361694"
"0,00213360786438"
"0,002295255661011"
"0,00190281867981"
"0,001793622970581"
"0,001812696456909"
"0,001864433288574"
"0,002123117446899"
"0,002026319503784"
"0,001444101333618"
"0,001441717147827"
"0,001487016677856"
"0,001595258712769"
"0,00188946723938"
"0,001543521881104"
"0,001966238021851"
"0,001920223236084"
"0,002149343490601"
"0,001996040344238"
"0,001438140869141"
"0,00221061706543"
"0,001501798629761"
"0,001562595367432"
"0,001706600189209"
"0,001609325408936"
"0,001571655273438"
"0,0014488697052"
"0,001489877700806"
"0,001437664031982"
"0,001453399658203"
"0,001434326171875"
"0,001455307006836"
"0,001492023468018"
"0,001497507095337"
"0,001423358917236"
"0,001600503921509"
"0,001677989959717"
"0,001540899276733"
"0,001440525054932"
"0,001448392868042"
"0,00142502784729"
"0,001567602157593"
"0,00143575668335"
"0,001562118530273"
"0,001459360122681"
"0,001866579055786"
"0,002023220062256"
"0,002337694168091"
"0,001949310302734"
"0,001785039901733"
"0,002073764801025"
"0,001864433288574"
"0,001875877380371"
"0,0019690990448"
"0,00186824798584"
"0,001919507980347"
"0,002164602279663"
"0,002104043960571"
"0,002029180526733"
"0,002238750457764"
"0,001953601837158"
"0,00212550163269"
"0,001846313476563"
"0,001721620559692"
"0,00171971321106"
"0,001776695251465"
"0,001701593399048"
"0,001758098602295"
"0,001886367797852"
"0,001988172531128"
"0,00222635269165"
"0,00188946723938"
"0,00188422203064"
"0,002171754837036"
"0,001881837844849"
"0,002057313919067"
"0,002779245376587"
"0,002899169921875"
"0,002429246902466"
"0,002380847930908"
"0,001474142074585"
"0,001597881317139"
"0,002640962600708"
"0,001421689987183"
"0,001423835754395"
"0,001418113708496"
"0,001534700393677"
"0,001411437988281"
"0,001555204391479"
"0,001410245895386"
"0,001415491104126"
"0,001507520675659"
"0,001585483551025"
"0,001642942428589"
"0,001774787902832"
"0,001419305801392"
"0,002193450927734"
"0,002304077148438"
"0,001511573791504"
"0,001949787139893"
"0,001554250717163"
"0,001457452774048"
"0,001589298248291"
"0,001532077789307"
"0,001607179641724"
"0,001442670822144"
"0,00143837928772"
"0,001432657241821"
"0,0014328956604"
"0,001435041427612"
"0,001429557800293"
"0,001483201980591"
"0,001636981964111"
"0,001428604125977"
"0,001427412033081"
"0,002158164978027"
"0,002016544342041"
"0,001872301101685"
"0,001986026763916"
"0,001954555511475"
"0,001725196838379"
"0,001865386962891"
"0,001752138137817"
"0,001687526702881"
"0,001696348190308"
"0,001690149307251"
"0,002265930175781"
"0,002389192581177"
"0,002357959747314"
"0,002221584320068"
"0,002313137054443"
"0,001971960067749"
"0,001978158950806"
"0,002148628234863"
"0,001930952072144"
"0,001853704452515"
"0,002245426177979"
"0,002137899398804"
"0,002261877059937"
"0,002458810806274"
"0,002183437347412"
"0,001427173614502"
"0,001596450805664"
"0,001431465148926"
"0,001421928405762"
"0,001528024673462"
"0,001686573028564"
"0,001564979553223"
"0,001518249511719"
"0,001760721206665"
"0,001954317092896"
"0,001894950866699"
"0,001976728439331"
"0,001890897750854"
"0,001811504364014"
"0,001862049102783"
"0,001564025878906"
"0,002198934555054"
"0,002111434936523"
"0,001498699188232"
"0,002043485641479"
"0,001866340637207"
"0,001735210418701"
"0,001822948455811"
"0,001571416854858"
"0,00169038772583"
"0,001543283462524"
"0,001365900039673"
"0,001484870910645"
"0,001756906509399"
"0,00189208984375"
"0,00167441368103"
"0,002280473709106"
"0,002431154251099"
"0,001794576644897"
"0,001957893371582"
"0,001765966415405"
"0,001923322677612"
"0,001745462417603"
"0,001804351806641"
"0,001930475234985"
"0,001426219940186"
"0,001451730728149"
"0,001446962356567"
"0,001680374145508"
"0,001636028289795"
"0,001516819000244"
"0,001539468765259"
"0,001607656478882"
"0,0014488697052"
"0,001432418823242"
"0,001454591751099"
"0,001617431640625"
"0,001779556274414"
"0,001481294631958"
"0,001619100570679"
"0,001683950424194"
"0,001556873321533"
"0,001476287841797"
"0,001501798629761"
"0,001753091812134"
"0,001595973968506"
"0,001762628555298"
"0,001517772674561"
"0,001658201217651"
"0,00144362449646"
"0,001677274703979"
"0,002105236053467"
"0,001714706420898"
"0,001498460769653"
"0,001586675643921"
"0,001674175262451"
"0,001521587371826"
"0,001636028289795"
"0,001567125320435"
"0,001543045043945"
"0,0016028881073"
"0,001469612121582"
"0,001630306243896"
"0,001700401306152"
"0,00147533416748"
"0,001616477966309"
"0,00145435333252"
"0,001725196838379"
"0,001605033874512"
"0,001557350158691"
"0,001746654510498"
"0,003811597824097"
"0,001641273498535"
"0,001504182815552"
"0,001651763916016"
"0,00169849395752"
"0,001610994338989"
"0,001683712005615"
"0,001498937606812"
"0,001497268676758"
"0,001443386077881"
"0,001905918121338"
"0,001665115356445"
"0,001555681228638"
"0,001583337783813"
"0,001626253128052"
"0,001727819442749"
"0,001570224761963"
"0,001477956771851"
"0,001617431640625"
"0,001758575439453"
"0,001672744750977"
"0,00153923034668"
"0,001380205154419"
"0,001465082168579"
"0,001537561416626"
"0,00162148475647"
"0,001631021499634"
"0,001531600952148"
"0,00147557258606"
"0,001621246337891"
"0,002891063690186"
"0,002796411514282"
"0,001416206359863"
"0,001785039901733"
"0,002123355865479"
"0,002346754074097"
"0,001574754714966"
"0,001691341400146"
"0,001859903335571"
"0,001670598983765"
"0,001598358154297"
"0,001749753952026"
"0,001703500747681"
"0,00169825553894"
"0,001421689987183"
"0,001450300216675"
"0,001605749130249"
"0,001398324966431"
"0,001437902450562"
"0,001517534255981"
"0,001348733901978"
"0,001699686050415"
"0,001369714736938"
"0,001424312591553"
"0,001459836959839"
"0,001471519470215"
"0,001338720321655"
"0,001590251922607"
"0,001336574554443"
"0,001349925994873"
"0,00136399269104"
"0,001130819320679"
"0,001261234283447"
"0,001172780990601"
"0,00123929977417"
"0,001124143600464"
"0,001201868057251"
"0,001100301742554"
"0,001200199127197"
"0,001111507415771"
"0,001357555389404"
"0,001135587692261"
"0,001217603683472"
"0,002673149108887"
"0,001452445983887"
"0,001131057739258"
"0,00122594833374"
"0,001129150390625"
"0,001444816589355"
"0,001149654388428"
"0,001224040985107"
"0,001144886016846"
"0,001224994659424"
"0,001378059387207"
"0,001241207122803"
"0,001142263412476"
"0,001231670379639"
"0,001113891601563"
"0,001226902008057"
"0,001245021820068"
"0,001616239547729"
"0,001559972763062"
"0,001605987548828"
"0,001365423202515"
"0,001391410827637"
"0,001368045806885"
"0,001388311386108"
"0,001332759857178"
"0,001381158828735"
"0,001331329345703"
"0,001469612121582"
"0,001320123672485"
"0,001565217971802"
"0,001314878463745"
"0,001328229904175"
"0,001311063766479"
"0,004554271697998"
"0,001960039138794"
"0,001787185668945"
"0,001552820205688"
"0,001543521881104"
"0,001394748687744"
"0,001346111297607"
"0,001360416412354"
"0,001775979995728"
"0,001593589782715"
"0,001370429992676"
"0,001398801803589"
"0,001360416412354"
"0,001349210739136"
"0,005070924758911"
"0,001566171646118"
"0,001523017883301"
"0,001506090164185"
"0,001490354537964"
"0,001515626907349"
"0,001565217971802"
"0,001908779144287"
"0,001877784729004"
"0,00197696685791"
"0,001879453659058"
"0,001882553100586"
"0,001879453659058"
"0,00187349319458"
"0,001870632171631"
"0,001871585845947"
"0,001999378204346"
"0,001714944839478"
"0,001697778701782"
"0,003217220306396"
"0,002024173736572"
"0,002215385437012"
"0,001684427261353"
"0,001645803451538"
"0,001532077789307"
"0,001417636871338"
"0,001437187194824"
"0,001431465148926"
"0,001405239105225"
"0,001407384872437"
"0,001398086547852"
"0,001430988311768"
"0,001453161239624"
"0,001924991607666"
"0,00186824798584"
"0,001869678497314"
"0,001867294311523"
"0,001900196075439"
"0,001872301101685"
"0,001869678497314"
"0,001872777938843"
"0,00186824798584"
"0,001881122589111"
"0,002346515655518"
"0,002275228500366"
"0,002255916595459"
"0,002145290374756"
"0,002231597900391"
"0,001321077346802"
"0,00128173828125"
"0,001310348510742"
"0,001311540603638"
"0,001311540603638"
"0,001412391662598"
"0,001327276229858"
"0,001178741455078"
"0,001113414764404"
"0,001124143600464"
"0,00112771987915"
"0,001114845275879"
"0,001102685928345"
"0,0011146068573"
"0,001102447509766"
"0,001102209091187"
"0,001095771789551"
"0,0010986328125"
"0,001133680343628"
"0,001098155975342"
"0,001094818115234"
"0,001097440719604"
"0,001242399215698"
"0,001390695571899"
"0,001296758651733"
"0,001139640808105"
"0,001123189926147"
"0,001105070114136"
"0,001110076904297"
"0,001128911972046"
"0,001171588897705"
"0,001104593276978"
"0,001099586486816"
"0,001110315322876"
"0,001114368438721"
"0,001119375228882"
"0,001715660095215"
"0,001705169677734"
"0,001696825027466"
"0,00169825553894"
"0,001764297485352"
"0,001888036727905"
"0,001872062683105"
"0,001880168914795"
"0,001867055892944"
"0,002126455307007"
"0,001868724822998"
"0,001850366592407"
"0,001880168914795"
"0,00184154510498"
"0,001840114593506"
"0,001872301101685"
"0,001887083053589"
"0,001846313476563"
"0,001848220825195"
"0,001844644546509"
"0,001843452453613"
"0,00184178352356"
"0,001832485198975"
"0,001836061477661"
"0,001836061477661"
"0,001879215240479"
"0,001872062683105"
"0,001873970031738"
"0,001923084259033"
"0,001884460449219"
"0,001903533935547"
"0,00187611579895"
"0,00187349319458"
"0,001869678497314"
"0,001867771148682"
"0,001911163330078"
"0,001866102218628"
"0,00187611579895"
"0,001883745193481"
"0,001869201660156"
"0,001867771148682"
"0,001903533935547"
"0,001873731613159"
"0,001890420913696"
"0,001879453659058"
"0,001876831054688"
"0,001877784729004"
"0,001885414123535"
"0,00187349319458"
"0,001874685287476"
"0,001873254776001"
"0,001887559890747"
"0,00186824798584"
"0,001877784729004"
"0,001865863800049"
"0,001868486404419"
"0,001869440078735"
"0,001871109008789"
"0,001887559890747"
"0,00197172164917"
"0,001904010772705"
"0,001936912536621"
"0,001884460449219"
"0,001872301101685"
"0,001868486404419"
"0,001880168914795"
"0,001898288726807"
"0,001871109008789"
"0,001867294311523"
"0,001873731613159"
"0,001866817474365"
"0,001869201660156"
"0,001890420913696"
"0,001896619796753"
"0,001938819885254"
"0,001954317092896"
"0,001915216445923"
"0,00188422203064"
"0,001868963241577"
"0,001869678497314"
"0,001861810684204"
"0,001880884170532"
"0,001879215240479"
"0,001874923706055"
"0,001903772354126"
"0,00187611579895"
"0,001869440078735"
"0,001877784729004"
"0,001887321472168"
"0,001883983612061"
"0,001879453659058"
"0,001871347427368"
"0,001895427703857"
"0,001890420913696"
"0,001905918121338"
"0,001894474029541"
"0,001875877380371"
"0,001917839050293"
"0,001878976821899"
"0,001876354217529"
"0,001869440078735"
"0,001911163330078"
"0,001873016357422"
"0,001883029937744"
"0,001869916915894"
"0,001873016357422"
"0,001870155334473"
"0,001888036727905"
"0,001899480819702"
"0,00190258026123"
"0,001877069473267"
"0,00187087059021"
"0,00187087059021"
"0,001936435699463"
"0,001873970031738"
"0,001884698867798"
"0,001874446868896"
"0,001876831054688"
"0,001907348632813"
"0,001890897750854"
"0,001907348632813"
"0,001870155334473"
"0,001876592636108"
"0,001873016357422"
"0,00202751159668"
"0,001999855041504"
"0,001922130584717"
"0,001967430114746"
"0,001914262771606"
"0,001916646957397"
"0,001904010772705"
"0,001896381378174"
"0,001875162124634"
"0,00193977355957"
"0,001913547515869"
"0,001906156539917"
"0,001880645751953"
"0,001883268356323"
"0,001985311508179"
"0,001933574676514"
"0,001901388168335"
"0,001900434494019"
"0,001917362213135"
"0,001955986022949"
"0,0020432472229"
"0,001937866210938"
"0,001936435699463"
"0,001929044723511"
"0,002090215682983"
"0,00196385383606"
"0,001912593841553"
"0,001900434494019"
"0,001898288726807"
"0,001884698867798"
"0,001889944076538"
"0,001888513565063"
"0,001879453659058"
"0,00191068649292"
"0,001905202865601"
"0,001890420913696"
"0,0019211769104"
"0,001879453659058"
"0,00188159942627"
"0,001954555511475"
"0,001926898956299"
"0,001960754394531"
"0,001924276351929"
"0,001877069473267"
"0,001884698867798"
"0,001877069473267"
"0,001912355422974"
"0,001882076263428"
"0,001877546310425"
"0,001878261566162"
"0,001876592636108"
"0,001879453659058"
"0,001922130584717"
"0,00191068649292"
"0,001910209655762"
"0,001887798309326"
"0,001879930496216"
"0,001889228820801"
"0,001879692077637"
"0,001880645751953"
"0,001874446868896"
"0,001922369003296"
"0,001940250396729"
"0,001905202865601"
"0,001893997192383"
"0,001914739608765"
"0,001880645751953"
"0,001884937286377"
"0,001877069473267"
"0,001871824264526"
"0,001877784729004"
"0,001877069473267"
"0,001905679702759"
"0,001931667327881"
"0,001898288726807"
"0,001883029937744"
"0,001908302307129"
"0,001875638961792"
"0,001879453659058"
"0,001914262771606"
"0,001880168914795"
"0,001901149749756"
"0,001878976821899"
"0,001886606216431"
"0,001898765563965"
"0,001888990402222"
"0,001897811889648"
"0,001892566680908"
"0,001895904541016"
"0,001877069473267"
"0,001876831054688"
"0,001886367797852"
"0,001874446868896"
"0,001908302307129"
"0,001883506774902"
"0,001883268356323"
"0,001877546310425"
"0,001886367797852"
"0,00189733505249"
"0,0019211769104"
"0,001882553100586"
"0,001881122589111"
"0,001877069473267"
"0,001882314682007"
"0,001872777938843"
"0,001882076263428"
"0,001906156539917"
"0,001895666122437"
"0,0019211769104"
"0,00192666053772"
"0,00189995765686"
"0,001892328262329"
"0,001877546310425"
"0,001930236816406"
"0,001898288726807"
"0,001881122589111"
"0,001878023147583"
"0,001878976821899"
"0,001875877380371"
"0,00188159942627"
"0,002182722091675"
"0,002183675765991"
"0,002164363861084"
"0,001959562301636"
"0,001803874969482"
"0,001794099807739"
"0,001762866973877"
"0,001759052276611"
"0,001742839813232"
"0,001907825469971"
"0,001889228820801"
"0,001885175704956"
"0,001921415328979"
"0,001906394958496"
"0,00188136100769"
"0,001885890960693"
"0,001874923706055"
"0,001979351043701"
"0,001909494400024"
"0,001904964447021"
"0,001893520355225"
"0,001899719238281"
"0,001885175704956"
"0,001895427703857"
"0,001950025558472"
"0,001921653747559"
"0,001920461654663"
"0,001922845840454"
"0,00188422203064"
"0,001882076263428"
"0,001895189285278"
"0,001891613006592"
"0,001881122589111"
"0,001923084259033"
"0,001890420913696"
"0,001925945281982"
"0,001891851425171"
"0,001884460449219"
"0,001872777938843"
"0,001877069473267"
"0,00187611579895"
"0,001878261566162"
"0,001877069473267"
"0,00188136100769"
"0,001872539520264"
"0,001919269561768"
"0,001916408538818"
"0,001887321472168"
"0,001893520355225"
"0,001928329467773"
"0,001945734024048"
"0,001892566680908"
"0,001916170120239"
"0,00191330909729"
"0,001907825469971"
"0,00189733505249"
"0,001896858215332"
"0,001933574676514"
"0,001907587051392"
"0,00189208984375"
"0,001885414123535"
"0,001893281936646"
"0,001886129379272"
"0,001884698867798"
"0,001879692077637"
"0,001895427703857"
"0,001909732818604"
"0,001883029937744"
"0,001879930496216"
"0,001902341842651"
"0,001888751983643"
"0,00193977355957"
"0,001881837844849"
"0,001884698867798"
"0,001878261566162"
"0,001883745193481"
"0,001915693283081"
"0,001909971237183"
"0,001883029937744"
"0,001879692077637"
"0,001909255981445"
"0,001888513565063"
"0,001904249191284"
"0,001884698867798"
"0,001897573471069"
"0,001888990402222"
"0,001911163330078"
"0,00188422203064"
"0,001883745193481"
"0,00188422203064"
"0,00187611579895"
"0,001875877380371"
"0,001883029937744"
"0,001969814300537"
"0,001939535140991"
"0,001923799514771"
"0,001893997192383"
"0,001981973648071"
"0,001907587051392"
"0,001895904541016"
"0,001888275146484"
"0,001886129379272"
"0,001925230026245"
"0,001904487609863"
"0,001901865005493"
"0,001893520355225"
"0,001884937286377"
"0,00188136100769"
"0,001879930496216"
"0,001901388168335"
"0,001884460449219"
"0,001916170120239"
"0,001883268356323"
"0,001895666122437"
"0,001906871795654"
"0,001937389373779"
"0,001897811889648"
"0,001929998397827"
"0,001896381378174"
"0,001891613006592"
"0,001878499984741"
"0,001888275146484"
"0,001883506774902"
"0,00189471244812"
"0,001883029937744"
"0,001884698867798"
"0,001904487609863"
"0,001892566680908"
"0,001953363418579"
"0,001882553100586"
"0,001937627792358"
"0,001893520355225"
"0,001892805099487"
"0,00188946723938"
"0,001925468444824"
"0,001888751983643"
"0,001883029937744"
"0,001883268356323"
"0,00189995765686"
"0,001899242401123"
"0,001909971237183"
"0,001880645751953"
"0,001883268356323"
"0,001882791519165"
"0,001901626586914"
"0,00189208984375"
"0,001885890960693"
"0,001883506774902"
"0,001880645751953"
"0,001903295516968"
"0,001898288726807"
"0,001914501190186"
"0,001903057098389"
"0,001902103424072"
"0,002056360244751"
"0,001927852630615"
"0,001936912536621"
"0,001902103424072"
"0,001894950866699"
"0,001902103424072"
"0,001888275146484"
"0,001965522766113"
"0,001912355422974"
"0,001913785934448"
"0,001926898956299"
"0,001890897750854"
"0,001888036727905"
"0,001884698867798"
"0,00189208984375"
"0,001926422119141"
"0,001895189285278"
"0,001894474029541"
"0,001887559890747"
"0,001887559890747"
"0,00200343132019"
"0,001903772354126"
"0,001888036727905"
"0,001910924911499"
"0,001895427703857"
"0,001901865005493"
"0,001767873764038"
"0,001809358596802"
"0,001752614974976"
"0,001761674880981"
"0,001763820648193"
"0,001660346984863"
"0,001653432846069"
"0,001633882522583"
"0,00162672996521"
"0,00162935256958"
"0,001670122146606"
"0,001487255096436"
"0,001464605331421"
"0,001480102539063"
"0,001465082168579"
"0,001486301422119"
"0,001520395278931"
"0,001505136489868"
"0,001469850540161"
"0,001480340957642"
"0,001534223556519"
"0,001566171646118"
"0,001547336578369"
"0,001560211181641"
"0,001558780670166"
"0,001544713973999"
"0,001484394073486"
"0,001479625701904"
"0,001474380493164"
"0,001510143280029"
"0,001643657684326"
"0,001603126525879"
"0,00156569480896"
"0,001621007919312"
"0,001566410064697"
"0,001554250717163"
"0,001483917236328"
"0,001487255096436"
"0,00147271156311"
"0,001494884490967"
"0,00150203704834"
"0,001674175262451"
"0,001640319824219"
"0,001646757125854"
"0,001641988754272"
"0,001642942428589"
"0,001662254333496"
"0,00149130821228"
"0,001473665237427"
"0,001482486724854"
"0,001473665237427"
"0,001514434814453"
"0,001472949981689"
"0,001482486724854"
"0,001496553421021"
"0,001557350158691"
"0,001561880111694"
"0,001569986343384"
"0,001548528671265"
"0,001543998718262"
"0,00153923034668"
"0,001622200012207"
"0,001501321792603"
"0,001514911651611"
"0,001472473144531"
"0,001502752304077"
"0,001465797424316"
"0,001568794250488"
"0,001543521881104"
"0,001543998718262"
"0,001542091369629"
"0,001676797866821"
"0,001607656478882"
"0,001559734344482"
"0,001513957977295"
"0,001498460769653"
"0,001477718353271"
"0,001582145690918"
"0,001557588577271"
"0,001551389694214"
"0,00154447555542"
"0,001551389694214"
"0,001599550247192"
"0,001490354537964"
"0,001495599746704"
"0,0015549659729"
"0,001508712768555"
"0,001493215560913"
"0,001473665237427"
"0,001481056213379"
"0,001469135284424"
"0,001488924026489"
"0,001575946807861"
"0,001586675643921"
"0,00157642364502"
"0,001569509506226"
"0,001592397689819"
"0,001661777496338"
"0,001432180404663"
"0,001420736312866"
"0,001438856124878"
"0,001410722732544"
"0,001406908035278"
"0,00165581703186"
"0,001663684844971"
"0,001681327819824"
"0,001657009124756"
"0,001676321029663"
"0,00169825553894"
"0,001518964767456"
"0,001511096954346"
"0,001517534255981"
"0,001482009887695"
"0,001484394073486"
"0,001490831375122"
"0,001484870910645"
"0,001471042633057"
"0,001482248306274"
"0,00148606300354"
"0,001593828201294"
"0,001585721969604"
"0,001551866531372"
"0,001547336578369"
"0,001635074615479"
"0,001487493515015"
"0,001489877700806"
"0,00147557258606"
"0,001467227935791"
"0,001534700393677"
"0,00175929069519"
"0,001754283905029"
"0,001787900924683"
"0,001778841018677"
"0,001760244369507"
"0,001921653747559"
"0,001896381378174"
"0,001899242401123"
"0,001913547515869"
"0,001943349838257"
"0,001903533935547"
"0,001898050308228"
"0,001920700073242"
"0,001911878585815"
"0,001925230026245"
"0,001922369003296"
"0,001892805099487"
"0,001898288726807"
"0,00189208984375"
"0,001899719238281"
"0,001895427703857"
"0,001900911331177"
"0,001896142959595"
"0,001899719238281"
"0,001918315887451"
"0,001914262771606"
"0,001928806304932"
"0,002020120620728"
"0,002011299133301"
"0,001928091049194"
"0,002026557922363"
"0,002023935317993"
"0,001938581466675"
"0,001916170120239"
"0,002000331878662"
"0,00193452835083"
"0,001931428909302"
"0,002033948898315"
"0,001927614212036"
"0,001915693283081"
"0,001909494400024"
"0,001917362213135"
"0,001905918121338"
"0,001900196075439"
"0,001921653747559"
"0,001935243606567"
"0,001918077468872"
"0,001927375793457"
"0,001955986022949"
"0,001938343048096"
"0,001979112625122"
"0,001980543136597"
"0,001948833465576"
"0,001922607421875"
"0,001904726028442"
"0,00190544128418"
"0,001977682113647"
"0,001901865005493"
"0,001911401748657"
"0,00191330909729"
"0,001967191696167"
"0,001903057098389"
"0,002171039581299"
"0,002149820327759"
"0,001968860626221"
"0,001953601837158"
"0,001930713653564"
"0,001801729202271"
"0,001767635345459"
"0,00178050994873"
"0,00177788734436"
"0,001782417297363"
"0,001906871795654"
"0,001916408538818"
"0,001904010772705"
"0,001921892166138"
"0,00191330909729"
"0,001920223236084"
"0,00191855430603"
"0,001903057098389"
"0,001919507980347"
"0,001919031143188"
"0,001966238021851"
"0,00193190574646"
"0,001906394958496"
"0,001902341842651"
"0,001899719238281"
"0,001904487609863"
"0,001904487609863"
"0,00190544128418"
"0,001904249191284"
"0,00190544128418"
"0,001902341842651"
"0,002007246017456"
"0,001971244812012"
"0,002078533172607"
"0,001987218856812"
"0,001926183700562"
"0,001916170120239"
"0,001909017562866"
"0,001917362213135"
"0,00189733505249"
"0,001904010772705"
"0,001938581466675"
"0,001923084259033"
"0,001962423324585"
"0,001947164535522"
"0,001907110214233"
"0,001971006393433"
"0,001905679702759"
"0,001906633377075"
"0,001901626586914"
"0,001948833465576"
"0,001930713653564"
"0,001916408538818"
"0,001912593841553"
"0,001923561096191"
"0,001912355422974"
"0,001903772354126"
"0,002438545227051"
"0,00222373008728"
"0,001978635787964"
"0,001989364624023"
"0,001952648162842"
"0,001980781555176"
"0,001949071884155"
"0,001933574676514"
"0,001962900161743"
"0,001966238021851"
"0,001999378204346"
"0,001917839050293"
"0,001915216445923"
"0,001916646957397"
"0,001912593841553"
"0,002076625823975"
"0,001917839050293"
"0,001934289932251"
"0,001913547515869"
"0,001941919326782"
"0,001927137374878"
"0,001934766769409"
"0,001948118209839"
"0,001904249191284"
"0,001904726028442"
"0,001929759979248"
"0,00198769569397"
"0,001932382583618"
"0,001916885375977"
"0,001911401748657"
"0,001909255981445"
"0,0019371509552"
"0,001909732818604"
"0,001954078674316"
"0,001906633377075"
"0,001910924911499"
"0,001938819885254"
"0,001940965652466"
"0,001909494400024"
"0,001947164535522"
"0,001913070678711"
"0,001947641372681"
"0,001923084259033"
"0,001910448074341"
"0,001919746398926"
"0,001936912536621"
"0,001907110214233"
"0,00194239616394"
"0,001915216445923"
"0,001908779144287"
"0,001909971237183"
"0,00190258026123"
"0,001912832260132"
"0,001911401748657"
"0,001924753189087"
"0,001912355422974"
"0,001935958862305"
"0,001908779144287"
"0,001903057098389"
"0,00189995765686"
"0,001901865005493"
"0,001908302307129"
"0,00193977355957"
"0,001901626586914"
"0,001898527145386"
"0,001932144165039"
"0,001910924911499"
"0,001966953277588"
"0,001905679702759"
"0,002174139022827"
"0,001930952072144"
"0,001918792724609"
"0,001945972442627"
"0,001912593841553"
"0,001908302307129"
"0,001923799514771"
"0,001913785934448"
"0,001954317092896"
"0,001933813095093"
"0,001932382583618"
"0,001908779144287"
"0,00190281867981"
"0,00190281867981"
"0,001914501190186"
"0,001903533935547"
"0,001921653747559"
"0,001914739608765"
"0,001912117004395"
"0,001957654953003"
"0,00191593170166"
"0,001932859420776"
"0,001907110214233"
"0,001904249191284"
"0,001906156539917"
"0,001916408538818"
"0,001900911331177"
"0,001902103424072"
"0,001927375793457"
"0,001904249191284"
"0,001911640167236"
"0,00192928314209"
"0,001915216445923"
"0,001945018768311"
"0,002115488052368"
"0,001977443695068"
"0,001943349838257"
"0,00196361541748"
"0,001949548721313"
"0,00193452835083"
"0,001934289932251"
"0,001955986022949"
"0,00193977355957"
"0,001931428909302"
"0,001951694488525"
"0,001923799514771"
"0,001916408538818"
"0,001916408538818"
"0,001909732818604"
"0,00191330909729"
"0,001922607421875"
"0,001914024353027"
"0,001916408538818"
"0,001926422119141"
"0,001943111419678"
"0,001977205276489"
"0,00196385383606"
"0,001916408538818"
"0,001911878585815"
"0,001919269561768"
"0,001916170120239"
"0,001922130584717"
"0,001909494400024"
"0,001905679702759"
"0,001912117004395"
"0,002061128616333"
"0,001935243606567"
"0,001945018768311"
"0,001966714859009"
"0,001917362213135"
"0,001914024353027"
"0,001922845840454"
"0,00191855430603"
"0,001908302307129"
"0,001924514770508"
"0,001909255981445"
"0,001922369003296"
"0,001952171325684"
"0,001936435699463"
"0,001931428909302"
"0,001954317092896"
"0,001951456069946"
"0,001923084259033"
"0,001915693283081"
"0,00191068649292"
"0,001909732818604"
"0,001909732818604"
"0,001923322677612"
"0,001919031143188"
"0,00192403793335"
"0,001939058303833"
"0,001916170120239"
"0,001918792724609"
"0,001910924911499"
"0,001923084259033"
"0,001911401748657"
"0,001916646957397"
"0,001952648162842"
"0,0019371509552"
"0,001912593841553"
"0,001973867416382"
"0,001928567886353"
"0,001930475234985"
"0,00191593170166"
"0,001907825469971"
"0,001914262771606"
"0,001928329467773"
"0,001926422119141"
"0,001912593841553"
"0,00191330909729"
"0,001914739608765"
"0,0019371509552"
"0,001938343048096"
"0,001937627792358"
"0,001910209655762"
"0,00191068649292"
"0,001909255981445"
"0,00194263458252"
"0,001907348632813"
"0,00193190574646"
"0,001931667327881"
"0,001917362213135"
"0,002010345458984"
"0,001960277557373"
"0,001933574676514"
"0,002049922943115"
"0,002054214477539"
"0,001978635787964"
"0,001985311508179"
"0,00193452835083"
"0,001930713653564"
"0,001916885375977"
"0,001946210861206"
"0,001929759979248"
"0,001952171325684"
"0,001924753189087"
"0,001957654953003"
"0,001920700073242"
"0,001999378204346"
"0,001922845840454"
"0,001914262771606"
"0,001915216445923"
"0,001947641372681"
"0,002001762390137"
"0,001951932907104"
"0,001998901367188"
"0,002002954483032"
"0,001993656158447"
"0,002008199691772"
"0,001953601837158"
"0,001967191696167"
"0,001961231231689"
"0,001949548721313"
"0,001926898956299"
"0,001929044723511"
"0,001939296722412"
"0,001937866210938"
"0,00193977355957"
"0,00216269493103"
"0,002032518386841"
"0,001962423324585"
"0,001959562301636"
"0,001935482025146"
"0,001924991607666"
"0,001982450485229"
"0,001968860626221"
"0,001945018768311"
"0,001949310302734"
"0,00192928314209"
"0,001935720443726"
"0,001945972442627"
"0,001925706863403"
"0,001929044723511"
"0,001929044723511"
"0,001941680908203"
"0,001927375793457"
"0,001927614212036"
"0,001928806304932"
"0,001923561096191"
"0,001967906951904"
"0,001941680908203"
"0,001930475234985"
"0,001940727233887"
"0,001924514770508"
"0,001953363418579"
"0,002017498016357"
"0,00196099281311"
"0,001952886581421"
"0,001967430114746"
"0,001939535140991"
"0,001932621002197"
"0,002273559570313"
"0,002133369445801"
"0,002012252807617"
"0,001948118209839"
"0,001950025558472"
"0,001950263977051"
"0,002000331878662"
"0,001962661743164"
"0,001950263977051"
"0,001941442489624"
"0,001925945281982"
"0,00194263458252"
"0,001962661743164"
"0,001954317092896"
"0,001997470855713"
"0,001951694488525"
"0,001970052719116"
"0,001929759979248"
"0,001923084259033"
"0,001962184906006"
"0,001936674118042"
"0,001929759979248"
"0,001927137374878"
"0,001928567886353"
"0,001929044723511"
"0,001967906951904"
"0,00192666053772"
"0,001952171325684"
"0,001940488815308"
"0,001945018768311"
"0,001970052719116"
"0,001929044723511"
"0,001935720443726"
"0,001977682113647"
"0,001938343048096"
"0,00195050239563"
"0,001953125"
"0,001972913742065"
"0,001927614212036"
"0,00192666053772"
"0,00198769569397"
"0,001961231231689"
"0,001941919326782"
"0,001936435699463"
"0,001954317092896"
"0,001950740814209"
"0,001949071884155"
"0,001940965652466"
"0,001959323883057"
"0,001927375793457"
"0,001926183700562"
"0,001940965652466"
"0,001972675323486"
"0,001934051513672"
"0,002237319946289"
"0,002184629440308"
"0,002091884613037"
"0,00185751914978"
"0,001835584640503"
"0,001850366592407"
"0,00184965133667"
"0,001792907714844"
"0,001964569091797"
"0,001929759979248"
"0,001931667327881"
"0,001998901367188"
"0,001983165740967"
"0,001949310302734"
"0,001938343048096"
"0,001994371414185"
"0,001948118209839"
"0,001966953277588"
"0,001935005187988"
"0,001931667327881"
"0,001929044723511"
"0,001930713653564"
"0,001927137374878"
"0,001927137374878"
"0,001931667327881"
"0,001928567886353"
"0,001919984817505"
"0,00198221206665"
"0,001978397369385"
"0,001950979232788"
"0,00192666053772"
"0,001943111419678"
"0,001928329467773"
"0,001949548721313"
"0,001945495605469"
"0,001933813095093"
"0,001924514770508"
"0,001939058303833"
"0,001940250396729"
"0,001958131790161"
"0,001996278762817"
"0,001933813095093"
"0,00192403793335"
"0,001967191696167"
"0,00197172164917"
"0,001933336257935"
"0,001969575881958"
"0,001937866210938"
"0,001929521560669"
"0,001930236816406"
"0,001972675323486"
"0,001968383789063"
"0,001935720443726"
"0,001943111419678"
"0,001927137374878"
"0,001939058303833"
"0,001931190490723"
"0,001930713653564"
"0,001931428909302"
"0,001927137374878"
"0,00193190574646"
"0,001973628997803"
"0,001939296722412"
"0,002007246017456"
"0,001929759979248"
"0,001988649368286"
"0,001941680908203"
"0,001939535140991"
"0,00192928314209"
"0,001934289932251"
"0,00197434425354"
"0,001937389373779"
"0,001924276351929"
"0,001939296722412"
"0,001949787139893"
"0,001968622207642"
"0,001937389373779"
"0,001942157745361"
"0,001935720443726"
"0,001936435699463"
"0,001937627792358"
"0,001685619354248"
"0,001662492752075"
"0,0016770362854"
"0,001662969589233"
"0,001682758331299"
"0,001742124557495"
"0,001502275466919"
"0,001488208770752"
"0,001490831375122"
"0,001514911651611"
"0,001505851745605"
"0,001497030258179"
"0,001516580581665"
"0,001494407653809"
"0,001515626907349"
"0,001587867736816"
"0,001616954803467"
"0,001572132110596"
"0,001601219177246"
"0,001577854156494"
"0,00157356262207"
"0,001509666442871"
"0,001495361328125"
"0,001505374908447"
"0,001501798629761"
"0,001513242721558"
"0,001691102981567"
"0,001672744750977"
"0,001711130142212"
"0,001662969589233"
"0,001700162887573"
"0,001709461212158"
"0,001507997512817"
"0,001490592956543"
"0,001528739929199"
"0,001498222351074"
"0,001511812210083"
"0,001489877700806"
"0,001526117324829"
"0,00149941444397"
"0,001498937606812"
"0,001559734344482"
"0,00161600112915"
"0,00157642364502"
"0,001579999923706"
"0,001571893692017"
"0,001584053039551"
"0,001514434814453"
"0,001506328582764"
"0,001500606536865"
"0,001572370529175"
"0,001531839370728"
"0,001687049865723"
"0,001669883728027"
"0,001687288284302"
"0,001668214797974"
"0,001672744750977"
"0,001711845397949"
"0,001513004302979"
"0,001523017883301"
"0,001510143280029"
"0,001503705978394"
"0,001537084579468"
"0,0014967918396"
"0,001500129699707"
"0,001496315002441"
"0,001529455184937"
"0,001573801040649"
"0,001596450805664"
"0,001575469970703"
"0,001577615737915"
"0,001568078994751"
"0,001704454421997"
"0,001544237136841"
"0,001545906066895"
"0,001495361328125"
"0,001497507095337"
"0,001492738723755"
"0,001594066619873"
"0,001589059829712"
"0,0016028881073"
"0,00157618522644"
"0,001728296279907"
"0,001555681228638"
"0,001590967178345"
"0,00152325630188"
"0,00152325630188"
"0,001499891281128"
"0,00170373916626"
"0,001672267913818"
"0,001674175262451"
"0,001664876937866"
"0,001674175262451"
"0,00171422958374"
"0,001514673233032"
"0,001501560211182"
"0,001522779464722"
"0,001530885696411"
"0,001508474349976"
"0,001507759094238"
"0,001506567001343"
"0,001496315002441"
"0,001527786254883"
"0,00157618522644"
"0,001855611801147"
"0,00165057182312"
"0,001749515533447"
"0,001534461975098"
"0,001568555831909"
"0,001492500305176"
"0,001826286315918"
"0,001711368560791"
"0,001667976379395"
"0,001720666885376"
"0,00157618522644"
"0,001557350158691"
"0,001533985137939"
"0,001528739929199"
"0,001533985137939"
"0,001673698425293"
"0,001647710800171"
"0,001735210418701"
"0,001615285873413"
"0,001669406890869"
"0,001542806625366"
"0,001523971557617"
"0,001503467559814"
"0,001501321792603"
"0,001501798629761"
"0,001585960388184"
"0,00220775604248"
"0,002192974090576"
"0,002218961715698"
"0,002162456512451"
"0,002211093902588"
"0,002005577087402"
"0,001955986022949"
"0,001939535140991"
"0,001938104629517"
"0,001945734024048"
"0,001936435699463"
"0,00197172164917"
"0,001943826675415"
"0,00195574760437"
"0,001966238021851"
"0,001935243606567"
"0,002185344696045"
"0,002158880233765"
"0,002005577087402"
"0,00221586227417"
"0,001956462860107"
"0,001945734024048"
"0,001967906951904"
"0,001834154129028"
"0,00183892250061"
"0,001983404159546"
"0,001959085464478"
"0,001952171325684"
"0,001962900161743"
"0,001944541931152"
"0,00196385383606"
"0,001958131790161"
"0,002001762390137"
"0,001953363418579"
"0,001981496810913"
"0,001971244812012"
"0,001952886581421"
"0,001945495605469"
"0,001935243606567"
"0,001938104629517"
"0,00205659866333"
"0,002121448516846"
"0,001983165740967"
"0,001971006393433"
"0,001953125"
"0,001982927322388"
"0,001972675323486"
"0,001982450485229"
"0,001944541931152"
"0,001945734024048"
"0,002038478851318"
"0,001984596252441"
"0,001964330673218"
"0,001961946487427"
"0,001944065093994"
"0,001944541931152"
"0,001988887786865"
"0,001975774765015"
"0,001965999603271"
"0,001946926116943"
"0,001997232437134"
"0,00199294090271"
"0,002023458480835"
"0,001980543136597"
"0,001968383789063"
"0,001966238021851"
"0,001994371414185"
"0,001959562301636"
"0,001977920532227"
"0,001975536346436"
"0,002003908157349"
"0,001965045928955"
"0,001987934112549"
"0,001982450485229"
"0,00197172164917"
"0,001953840255737"
"0,001956462860107"
"0,001948118209839"
"0,001937866210938"
"0,001978874206543"
"0,001986980438232"
"0,001970291137695"
"0,001955032348633"
"0,001950740814209"
"0,00194525718689"
"0,001942873001099"
"0,001976490020752"
"0,001951694488525"
"0,001944303512573"
"0,00198221206665"
"0,001975059509277"
"0,002053737640381"
"0,002045154571533"
"0,002000570297241"
"0,001955509185791"
"0,001964330673218"
"0,001949071884155"
"0,001973152160645"
"0,001952171325684"
"0,001946210861206"
"0,001998662948608"
"0,001960515975952"
"0,001975774765015"
"0,001957654953003"
"0,001965522766113"
"0,001946926116943"
"0,001948118209839"
"0,001955270767212"
"0,001951694488525"
"0,001951694488525"
"0,001945734024048"
"0,001941442489624"
"0,001970291137695"
"0,001956462860107"
"0,001961708068848"
"0,001956224441528"
"0,002007722854614"
"0,001995801925659"
"0,001951456069946"
"0,001971960067749"
"0,001960515975952"
"0,001946926116943"
"0,00200629234314"
"0,00196099281311"
"0,001950740814209"
"0,001952171325684"
"0,001952648162842"
"0,00198221206665"
"0,001951694488525"
"0,00194525718689"
"0,001949071884155"
"0,001953363418579"
"0,00195574760437"
"0,002081632614136"
"0,00197434425354"
"0,001961708068848"
"0,001954793930054"
"0,001975536346436"
"0,001961946487427"
"0,001986980438232"
"0,001951932907104"
"0,001989126205444"
"0,001954078674316"
"0,001952171325684"
"0,001991033554077"
"0,002009630203247"
"0,001973390579224"
"0,001967191696167"
"0,001973152160645"
"0,002035617828369"
"0,002012729644775"
"0,001954555511475"
"0,002007961273193"
"0,001957893371582"
"0,001962900161743"
"0,001953601837158"
"0,00195574760437"
"0,001942873001099"
"0,001948595046997"
"0,001953601837158"
"0,003592491149902"
"0,002230644226074"
"0,00206446647644"
"0,002017021179199"
"0,002012968063354"
"0,001990795135498"
"0,002029657363892"
"0,001973867416382"
"0,001970291137695"
"0,002022743225098"
"0,001972675323486"
"0,001979351043701"
"0,001957893371582"
"0,001999378204346"
"0,001994609832764"
"0,001967430114746"
"0,001950025558472"
"0,00194525718689"
"0,001944541931152"
"0,001945495605469"
"0,001958131790161"
"0,00195574760437"
"0,002044916152954"
"0,002001047134399"
"0,001990079879761"
"0,00199031829834"
"0,001954555511475"
"0,001948833465576"
"0,001954317092896"
"0,001950263977051"
"0,001985549926758"
"0,002024173736572"
"0,00197172164917"
"0,001961469650269"
"0,001975536346436"
"0,002020120620728"
"0,00201416015625"
"0,001959323883057"
"0,001957654953003"
"0,001995325088501"
"0,002025365829468"
"0,001960515975952"
"0,002161264419556"
"0,001996755599976"
"0,001992464065552"
"0,0019690990448"
"0,002006769180298"
"0,001972436904907"
"0,001987457275391"
"0,001956224441528"
"0,001955509185791"
"0,00196647644043"
"0,002128839492798"
"0,001965045928955"
"0,001956224441528"
"0,001958131790161"
"0,002040147781372"
"0,001986742019653"
"0,001986026763916"
"0,002010822296143"
"0,001972675323486"
"0,002025604248047"
"0,001986503601074"
"0,00195837020874"
"0,001970291137695"
"0,001950979232788"
"0,001952171325684"
"0,001952409744263"
"0,001954555511475"
"0,001986026763916"
"0,001961708068848"
"0,001954317092896"
"0,001948118209839"
"0,00199818611145"
"0,001950025558472"
"0,001948356628418"
"0,001971244812012"
"0,001959085464478"
"0,001952886581421"
"0,001952171325684"
"0,001991748809814"
"0,001997232437134"
"0,002228736877441"
"0,001980543136597"
"0,001970291137695"
"0,001956462860107"
"0,001962423324585"
"0,001962423324585"
"0,00198221206665"
"0,001964569091797"
"0,002002000808716"
"0,001996994018555"
"0,001980543136597"
"0,001992464065552"
"0,00196647644043"
"0,001954317092896"
"0,001945495605469"
"0,001948833465576"
"0,001962423324585"
"0,001996755599976"
"0,001953601837158"
"0,001952409744263"
"0,001950025558472"
"0,001984119415283"
"0,001964807510376"
"0,001996994018555"
"0,00199294090271"
"0,00196361541748"
"0,002138614654541"
"0,002113342285156"
"0,001986265182495"
"0,001970767974854"
"0,0019690990448"
"0,002067565917969"
"0,001977920532227"
"0,001992702484131"
"0,002043962478638"
"0,001968622207642"
"0,001995801925659"
"0,001968622207642"
"0,001961946487427"
"0,001961469650269"
"0,001952886581421"
"0,001953840255737"
"0,001961469650269"
"0,001956224441528"
"0,001971006393433"
"0,001965045928955"
"0,001999378204346"
"0,001965284347534"
"0,001988410949707"
"0,002001523971558"
"0,00203013420105"
"0,001981258392334"
"0,001975059509277"
"0,001957893371582"
"0,001959562301636"
"0,001968145370483"
"0,001971960067749"
"0,001986265182495"
"0,002005577087402"
"0,001978874206543"
"0,001957178115845"
"0,00200343132019"
"0,002011060714722"
"0,001969337463379"
"0,00195837020874"
"0,001961231231689"
"0,00195837020874"
"0,002010822296143"
"0,001978158950806"
"0,001979112625122"
"0,001967906951904"
"0,001962184906006"
"0,001961946487427"
"0,001960754394531"
"0,001994609832764"
"0,00197172164917"
"0,00196361541748"
"0,001965284347534"
"0,001966238021851"
"0,001971244812012"
"0,001993179321289"
"0,001959085464478"
"0,001945734024048"
"0,001961231231689"
"0,001974105834961"
"0,001964092254639"
"0,001960754394531"
"0,001956462860107"
"0,001963376998901"
"0,001959800720215"
"0,001988410949707"
"0,002019166946411"
"0,001997709274292"
"0,00197172164917"
"0,001961946487427"
"0,001957893371582"
"0,001952886581421"
"0,001957893371582"
"0,002492666244507"
"0,002046346664429"
"0,001858234405518"
"0,001911640167236"
"0,001855611801147"
"0,001885175704956"
"0,002013444900513"
"0,001980781555176"
"0,001985788345337"
"0,001973390579224"
"0,002002239227295"
"0,001980066299438"
"0,001994371414185"
"0,001974821090698"
"0,001965522766113"
"0,001988172531128"
"0,00201153755188"
"0,001986980438232"
"0,001974105834961"
"0,001965522766113"
"0,001965045928955"
"0,002003908157349"
"0,001970291137695"
"0,001996040344238"
"0,001980781555176"
"0,001972913742065"
"0,002016544342041"
"0,001992464065552"
"0,002044677734375"
"0,002003192901611"
"0,001981019973755"
"0,001962184906006"
"0,001995325088501"
"0,001972198486328"
"0,001962423324585"
"0,001962423324585"
"0,001967906951904"
"0,001988887786865"
"0,002002239227295"
"0,001988887786865"
"0,002007722854614"
"0,001959085464478"
"0,001970052719116"
"0,001962900161743"
"0,001953363418579"
"0,001956462860107"
"0,001959562301636"
"0,001966714859009"
"0,001953840255737"
"0,001968383789063"
"0,001965522766113"
"0,002030611038208"
"0,002017259597778"
"0,002026081085205"
"0,001986265182495"
"0,001974821090698"
"0,001968860626221"
"0,002001047134399"
"0,001962900161743"
"0,001962900161743"
"0,001989126205444"
"0,002016305923462"
"0,00200629234314"
"0,002045392990112"
"0,001991033554077"
"0,001961708068848"
"0,001959800720215"
"0,001961708068848"
"0,00197172164917"
"0,001962423324585"
"0,002063274383545"
"0,002017021179199"
"0,002171277999878"
"0,002020597457886"
"0,002029657363892"
"0,001980781555176"
"0,002014875411987"
"0,00197958946228"
"0,001986026763916"
"0,001994609832764"
"0,001980781555176"
"0,002018213272095"
"0,002001047134399"
"0,002030849456787"
"0,002023935317993"
"0,002003908157349"
"0,001991510391235"
"0,001963376998901"
"0,002061605453491"
"0,001983165740967"
"0,001970529556274"
"0,00200629234314"
"0,002004146575928"
"0,002005815505981"
"0,001997470855713"
"0,002019882202148"
"0,001994609832764"
"0,002033710479736"
"0,001972675323486"
"0,001976013183594"
"0,00197434425354"
"0,002009391784668"
"0,001984119415283"
"0,00197696685791"
"0,002060890197754"
"0,002015829086304"
"0,002012252807617"
"0,001991271972656"
"0,001981258392334"
"0,002013683319092"
"0,002037525177002"
"0,002005815505981"
"0,002156972885132"
"0,002034187316895"
"0,002014875411987"
"0,001993417739868"
"0,002006769180298"
"0,001978158950806"
"0,001996040344238"
"0,001973867416382"
"0,002045392990112"
"0,001974582672119"
"0,001967906951904"
"0,001968622207642"
"0,001975297927856"
"0,001976490020752"
"0,002006769180298"
"0,001986742019653"
"0,001981735229492"
"0,002011060714722"
"0,002034664154053"
"0,002064943313599"
"0,002010107040405"
"0,001981735229492"
"0,001981019973755"
"0,001974105834961"
"0,001999378204346"
"0,002033233642578"
"0,001981735229492"
"0,001984596252441"
"0,001965999603271"
"0,002001285552979"
"0,001984357833862"
"0,002021074295044"
"0,001971244812012"
"0,001993656158447"
"0,001971244812012"
"0,001964330673218"
"0,001956462860107"
"0,001976013183594"
"0,001975297927856"
"0,002014636993408"
"0,002003908157349"
"0,001994371414185"
"0,002035140991211"
"0,001980543136597"
"0,002028465270996"
"0,001981973648071"
"0,001978397369385"
"0,001977205276489"
"0,00200366973877"
"0,001974105834961"
"0,00198221206665"
"0,001977682113647"
"0,002023458480835"
"0,001995325088501"
"0,002006053924561"
"0,00184965133667"
"0,001851797103882"
"0,001828193664551"
"0,001837968826294"
"0,001828908920288"
"0,001718997955322"
"0,001770496368408"
"0,001720666885376"
"0,001714944839478"
"0,00181245803833"
"0,001538038253784"
"0,00149393081665"
"0,001489162445068"
"0,001511335372925"
"0,001468896865845"
"0,001645803451538"
"0,001613140106201"
"0,001623392105103"
"0,001610279083252"
"0,001608848571777"
"0,001704692840576"
"0,001575231552124"
"0,001571893692017"
"0,001561164855957"
"0,001832008361816"
"0,001681089401245"
"0,001296520233154"
"0,00127100944519"
"0,001267671585083"
"0,001255750656128"
"0,001256942749023"
"0,001252412796021"
"0,001248359680176"
"0,001265048980713"
"0,001286268234253"
"0,001258611679077"
"0,001272439956665"
"0,001247406005859"
"0,001245021820068"
"0,001251697540283"
"0,001240968704224"
"0,001250267028809"
"0,001249551773071"
"0,001269340515137"
"0,001279354095459"
"0,00128960609436"
"0,001236200332642"
"0,001243352890015"
"0,001239538192749"
"0,00124454498291"
"0,001236438751221"
"0,00123929977417"
"0,001233339309692"
"0,001265287399292"
"0,001242637634277"
"0,001242876052856"
"0,001265287399292"
"0,001241207122803"
"0,001235485076904"
"0,001275777816772"
"0,001248359680176"
"0,00173282623291"
"0,001651763916016"
"0,001634836196899"
"0,001621961593628"
"0,001612424850464"
"0,001746416091919"
"0,00156307220459"
"0,00157904624939"
"0,001534938812256"
"0,001533985137939"
"0,001603841781616"
"0,001624584197998"
"0,001622438430786"
"0,001622438430786"
"0,001611709594727"
"0,001605749130249"
"0,001553058624268"
"0,001564264297485"
"0,001564025878906"
"0,001526355743408"
"0,001528978347778"
"0,001531362533569"
"0,001529216766357"
"0,001569509506226"
"0,001543521881104"
"0,001536846160889"
"0,001628875732422"
"0,001644134521484"
"0,001649141311646"
"0,001663446426392"
"0,001667022705078"
"0,001689195632935"
"0,00157904624939"
"0,001544713973999"
"0,001538276672363"
"0,001562595367432"
"0,001622676849365"
"0,001633167266846"
"0,001621723175049"
"0,001628398895264"
"0,001655101776123"
"0,001741409301758"
"0,001556873321533"
"0,001543283462524"
"0,001553058624268"
"0,002123594284058"
"0,001783132553101"
"0,001695394515991"
"0,001671552658081"
"0,001649141311646"
"0,001643896102905"
"0,001664161682129"
"0,001522064208984"
"0,001572608947754"
"0,001478910446167"
"0,001537561416626"
"0,001477956771851"
"0,001715183258057"
"0,001621961593628"
"0,001615285873413"
"0,001617670059204"
"0,001670360565186"
"0,001641273498535"
"0,001691579818726"
"0,001609563827515"
"0,001636266708374"
"0,001548528671265"
"0,001567840576172"
"0,00163722038269"
"0,001614332199097"
"0,001612424850464"
"0,001606464385986"
"0,001688718795776"
"0,002062320709229"
"0,002016305923462"
"0,002010345458984"
"0,001988887786865"
"0,002018213272095"
"0,001987934112549"
"0,001979827880859"
"0,001977443695068"
"0,001980066299438"
"0,002006769180298"
"0,001991987228394"
"0,001994132995605"
"0,002000331878662"
"0,001990556716919"
"0,002014636993408"
"0,001984119415283"
"0,002028703689575"
"0,001985549926758"
"0,001976490020752"
"0,001978158950806"
"0,001980304718018"
"0,001970291137695"
"0,002022743225098"
"0,002023935317993"
"0,001990795135498"
"0,002066135406494"
"0,00199818611145"
"0,001990079879761"
"0,001991748809814"
"0,001984596252441"
"0,001988887786865"
"0,001974105834961"
"0,001978635787964"
"0,001979112625122"
"0,001977443695068"
"0,002028703689575"
"0,001989603042603"
"0,00201153755188"
"0,001972675323486"
"0,002013206481934"
"0,001971483230591"
"0,002024173736572"
"0,001987934112549"
"0,00200080871582"
"0,001994371414185"
"0,001978158950806"
"0,002002477645874"
"0,001995086669922"
"0,001993656158447"
"0,001971006393433"
"0,002013444900513"
"0,001993894577026"
"0,002004623413086"
"0,001978158950806"
"0,001977920532227"
"0,002023458480835"
"0,001991748809814"
"0,0019850730896"
"0,00201940536499"
"0,002016305923462"
"0,002010583877563"
"0,002201318740845"
"0,00204062461853"
"0,002020359039307"
"0,002001285552979"
"0,001992702484131"
"0,002009153366089"
"0,001982450485229"
"0,001991748809814"
"0,002001285552979"
"0,002001285552979"
"0,002035856246948"
"0,0019850730896"
"0,001986503601074"
"0,001977920532227"
"0,002055406570435"
"0,002005338668823"
"0,001980781555176"
"0,001992464065552"
"0,002007722854614"
"0,00199294090271"
"0,00206732749939"
"0,002031803131104"
"0,002020120620728"
"0,001991510391235"
"0,001984834671021"
"0,002020597457886"
"0,001989841461182"
"0,001983642578125"
"0,001984834671021"
"0,001981258392334"
"0,001977920532227"
"0,001999378204346"
"0,002002000808716"
"0,002025365829468"
"0,00197958946228"
"0,001980781555176"
"0,001991748809814"
"0,001987457275391"
"0,001978874206543"
"0,00202488899231"
"0,001991510391235"
"0,001999616622925"
"0,001990079879761"
"0,002007484436035"
"0,002016305923462"
"0,002005100250244"
"0,001992464065552"
"0,001986026763916"
"0,002000331878662"
"0,001988172531128"
"0,001989841461182"
"0,002010583877563"
"0,001986265182495"
"0,001984119415283"
"0,002015590667725"
"0,001988410949707"
"0,002026557922363"
"0,001977205276489"
"0,001993894577026"
"0,001987457275391"
"0,001980543136597"
"0,001987218856812"
"0,001980781555176"
"0,001988172531128"
"0,002026319503784"
"0,002034425735474"
"0,002079248428345"
"0,002012491226196"
"0,002029418945313"
"0,001988172531128"
"0,002119064331055"
"0,002016544342041"
"0,002000570297241"
"0,001994132995605"
"0,001981735229492"
"0,002007007598877"
"0,002002477645874"
"0,002020359039307"
"0,002013444900513"
"0,002163648605347"
"0,002134323120117"
"0,002082586288452"
"0,002121686935425"
"0,002056360244751"
"0,002012968063354"
"0,00200366973877"
"0,002023458480835"
"0,002031564712524"
"0,002060413360596"
"0,00265908241272"
"0,002063512802124"
"0,002059459686279"
"0,002051115036011"
"0,002030372619629"
"0,002033233642578"
"0,002036094665527"
"0,002005338668823"
"0,002063989639282"
"0,002061605453491"
"0,002023935317993"
"0,002065658569336"
"0,002055644989014"
"0,002294778823853"
"0,002543926239014"
"0,002068519592285"
"0,002057313919067"
"0,002043962478638"
"0,002023458480835"
"0,002013683319092"
"0,002009868621826"
"0,001993656158447"
"0,002044439315796"
"0,002047538757324"
"0,002085447311401"
"0,002092838287354"
"0,002030372619629"
"0,00200080871582"
"0,001999378204346"
"0,002266883850098"
"0,002056121826172"
"0,002051830291748"
"0,002031564712524"
"0,00201153755188"
"0,002062797546387"
"0,002013444900513"
"0,002032041549683"
"0,001996040344238"
"0,001991510391235"
"0,002004623413086"
"0,002001523971558"
"0,001989603042603"
"0,001987218856812"
"0,001994132995605"
"0,00200080871582"
"0,002026557922363"
"0,002011299133301"
"0,002016305923462"
"0,002009153366089"
"0,001999378204346"
"0,002621650695801"
"0,002045869827271"
"0,002052068710327"
"0,002004146575928"
"0,002001047134399"
"0,002005815505981"
"0,001984834671021"
"0,00203800201416"
"0,002011775970459"
"0,00205135345459"
"0,002047538757324"
"0,002009630203247"
"0,00199294090271"
"0,001984119415283"
"0,001989841461182"
"0,002038240432739"
"0,00199556350708"
"0,001994132995605"
"0,001998424530029"
"0,002012729644775"
"0,002076864242554"
"0,002010822296143"
"0,002001523971558"
"0,001996994018555"
"0,001994371414185"
"0,0020751953125"
"0,002002477645874"
"0,002288341522217"
"0,002015829086304"
"0,002016544342041"
"0,002034425735474"
"0,002052068710327"
"0,002078533172607"
"0,002018213272095"
"0,002047538757324"
"0,002006053924561"
"0,002007007598877"
"0,002000570297241"
"0,001996755599976"
"0,001999378204346"
"0,001996040344238"
"0,002007722854614"
"0,00206732749939"
"0,002062559127808"
"0,002010107040405"
"0,001998901367188"
"0,002054452896118"
"0,002031087875366"
"0,002005577087402"
"0,002001047134399"
"0,002037286758423"
"0,002114057540894"
"0,002039194107056"
"0,002069234848022"
"0,002045392990112"
"0,002021312713623"
"0,002004623413086"
"0,002055644989014"
"0,002015352249146"
"0,00201153755188"
"0,00200629234314"
"0,001999139785767"
"0,002031326293945"
"0,002017259597778"
"0,005859375"
"0,002298355102539"
"0,002146005630493"
"0,001933336257935"
"0,001894235610962"
"0,001887083053589"
"0,001922130584717"
"0,00188159942627"
"0,002063751220703"
"0,002026796340942"
"0,002014636993408"
"0,002071380615234"
"0,002058267593384"
"0,002035617828369"
"0,002048254013062"
"0,002026796340942"
"0,002016067504883"
"0,002015590667725"
"0,00202202796936"
"0,002043962478638"
"0,002011060714722"
"0,002009153366089"
"0,00200891494751"
"0,002049446105957"
"0,00201416015625"
"0,002046346664429"
"0,002012252807617"
"0,00200629234314"
"0,00210976600647"
"0,002027750015259"
"0,002011299133301"
"0,002054691314697"
"0,002005577087402"
"0,002019882202148"
"0,002011775970459"
"0,002049684524536"
"0,002072334289551"
"0,002026319503784"
"0,002012014389038"
"0,002020359039307"
"0,002009153366089"
"0,002001047134399"
"0,002002954483032"
"0,002005577087402"
"0,00206446647644"
"0,002017498016357"
"0,002018928527832"
"0,002196073532104"
"0,002089262008667"
"0,002036094665527"
"0,002031564712524"
"0,002017974853516"
"0,002010822296143"
"0,002013206481934"
"0,002010345458984"
"0,002016305923462"
"0,002005577087402"
"0,002007722854614"
"0,002106189727783"
"0,00206732749939"
"0,002065896987915"
"0,002056121826172"
"0,002023696899414"
"0,00201940536499"
"0,002009391784668"
"0,00205659866333"
"0,00201153755188"
"0,002014875411987"
"0,002014398574829"
"0,002031564712524"
"0,002064943313599"
"0,002082824707031"
"0,002013683319092"
"0,002003192901611"
"0,002009630203247"
"0,002008199691772"
"0,002022266387939"
"0,002002239227295"
"0,002006769180298"
"0,002009153366089"
"0,001999139785767"
"0,002038478851318"
"0,002024173736572"
"0,002044200897217"
"0,002012491226196"
"0,002007961273193"
"0,002050399780273"
"0,002007246017456"
"0,002053022384644"
"0,002016067504883"
"0,002012491226196"
"0,002052545547485"
"0,002038478851318"
"0,002036333084106"
"0,002081155776978"
"0,002041339874268"
"0,002050161361694"
"0,002012729644775"
"0,002002000808716"
"0,00200366973877"
"0,002004861831665"
"0,00199818611145"
"0,002011299133301"
"0,002045631408691"
"0,002037048339844"
"0,002022981643677"
"0,002030372619629"
"0,002014636993408"
"0,002001047134399"
"0,001992225646973"
"0,002014398574829"
"0,002055644989014"
"0,002019643783569"
"0,002010107040405"
"0,002000093460083"
"0,002025365829468"
"0,002055168151855"
"0,00205135345459"
"0,002048254013062"
"0,002054452896118"
"0,002048969268799"
"0,002014875411987"
"0,002021789550781"
"0,002032518386841"
"0,00201416015625"
"0,002011060714722"
"0,002027273178101"
"0,002043485641479"
"0,002018213272095"
"0,002028226852417"
"0,002004384994507"
"0,002011299133301"
"0,002045631408691"
"0,002036809921265"
"0,002007484436035"
"0,002018213272095"
"0,002047777175903"
"0,00205397605896"
"0,002035617828369"
"0,00202202796936"
"0,002042293548584"
"0,001991987228394"
"0,001997947692871"
"0,002015590667725"
"0,001999378204346"
"0,002022743225098"
"0,002005100250244"
"0,002010822296143"
"0,002180576324463"
"0,002031564712524"
"0,002014636993408"
"0,002026081085205"
"0,002018690109253"
"0,002020120620728"
"0,002006530761719"
"0,002002477645874"
"0,002001762390137"
"0,002007007598877"
"0,00200343132019"
"0,00200343132019"
"0,002000093460083"
"0,002083301544189"
"0,002029895782471"
"0,002102375030518"
"0,002015590667725"
"0,002018928527832"
"0,002012014389038"
"0,002013683319092"
"0,002013206481934"
"0,00201416015625"
"0,002009391784668"
"0,002013683319092"
"0,002026796340942"
"0,002001285552979"
"0,002306699752808"
"0,002107381820679"
"0,002068281173706"
"0,00204062461853"
"0,002224683761597"
"0,002076387405396"
"0,001872301101685"
"0,001862764358521"
"0,001858949661255"
"0,001846313476563"
"0,002061367034912"
"0,002050876617432"
"0,002079725265503"
"0,002020359039307"
"0,002062082290649"
"0,002061128616333"
"0,002009868621826"
"0,002014636993408"
"0,002018213272095"
"0,002039194107056"
"0,002056837081909"
"0,002129793167114"
"0,002048254013062"
"0,00205135345459"
"0,002017736434937"
"0,002012491226196"
"0,002058982849121"
"0,002015590667725"
"0,002015113830566"
"0,002017736434937"
"0,002008676528931"
"0,002011299133301"
"0,002005577087402"
"0,002045631408691"
"0,002026796340942"
"0,002117872238159"
"0,00202751159668"
"0,002049684524536"
"0,002016305923462"
"0,002016544342041"
"0,002011299133301"
"0,00206732749939"
"0,002028703689575"
"0,002022743225098"
"0,002028226852417"
"0,002021551132202"
"0,002094507217407"
"0,002021312713623"
"0,002011775970459"
"0,002017974853516"
"0,00200629234314"
"0,002015590667725"
"0,002015352249146"
"0,002040386199951"
"0,002015352249146"
"0,002009153366089"
"0,002052307128906"
"0,002041578292847"
"0,002029418945313"
"0,002026319503784"
"0,002012968063354"
"0,002018690109253"
"0,002055168151855"
"0,002034664154053"
"0,002019882202148"
"0,002090454101563"
"0,002032279968262"
"0,002089023590088"
"0,002034425735474"
"0,002068281173706"
"0,002014636993408"
"0,002047061920166"
"0,001935720443726"
"0,001644134521484"
"0,001641273498535"
"0,001645803451538"
"0,001750230789185"
"0,001853942871094"
"0,001635074615479"
"0,001594305038452"
"0,001612663269043"
"0,001615762710571"
"0,001664161682129"
"0,001669883728027"
"0,001660823822021"
"0,001653432846069"
"0,001674890518188"
"0,001778841018677"
"0,001593351364136"
"0,001586675643921"
"0,001568078994751"
"0,001599550247192"
"0,001596927642822"
"0,001683473587036"
"0,001652002334595"
"0,001726150512695"
"0,001722812652588"
"0,001682996749878"
"0,001617670059204"
"0,001602411270142"
"0,001595973968506"
"0,001599073410034"
"0,001595258712769"
"0,001700401306152"
"0,001690864562988"
"0,001662969589233"
"0,001652717590332"
"0,00165581703186"
"0,001715660095215"
"0,001604557037354"
"0,001623153686523"
"0,001615524291992"
"0,001619577407837"
"0,001616477966309"
"0,001589775085449"
"0,00165319442749"
"0,001575231552124"
"0,001579523086548"
"0,001566648483276"
"0,00166654586792"
"0,001656293869019"
"0,001665353775024"
"0,001671314239502"
"0,001888275146484"
"0,001612424850464"
"0,001672506332397"
