1970-01-01 01:00:06.746,238590,203259
1970-01-01 01:00:06.796,238572,203262
1970-01-01 01:00:06.846,238592,203253
1970-01-01 01:00:06.896,238658,203249
1970-01-01 01:00:06.946,238788,203346
1970-01-01 01:00:06.996,238962,203361
1970-01-01 01:00:07.046,239039,203372
1970-01-01 01:00:07.096,239167,203467
1970-01-01 01:00:07.146,239310,203534
1970-01-01 01:00:07.196,239374,203503
1970-01-01 01:00:07.246,239136,203382
1970-01-01 01:00:07.296,238546,203186
1970-01-01 01:00:07.346,238507,203222
1970-01-01 01:00:07.396,238655,203257
1970-01-01 01:00:07.446,238704,203245
1970-01-01 01:00:07.496,238805,203252
1970-01-01 01:00:07.546,238748,203253
1970-01-01 01:00:07.596,238793,203267
1970-01-01 01:00:07.646,238921,203358
1970-01-01 01:00:07.696,238994,203347
1970-01-01 01:00:07.746,239050,203374
1970-01-01 01:00:07.796,239000,203303
1970-01-01 01:00:07.846,239039,203265
1970-01-01 01:00:07.896,239105,203291
1970-01-01 01:00:07.946,239140,203298
1970-01-01 01:00:07.996,239211,203282
1970-01-01 01:00:08.046,239102,203202
1970-01-01 01:00:08.096,238424,202994
1970-01-01 01:00:08.146,238187,202908
1970-01-01 01:00:08.196,238389,203043
1970-01-01 01:00:08.246,238512,203063
1970-01-01 01:00:08.296,238607,203154
1970-01-01 01:00:08.346,238697,203146
1970-01-01 01:00:08.396,238674,203156
1970-01-01 01:00:08.446,238694,203196
1970-01-01 01:00:08.496,238904,203286
1970-01-01 01:00:08.546,239069,203320
1970-01-01 01:00:08.596,239116,203349
1970-01-01 01:00:08.646,239128,203357
1970-01-01 01:00:08.696,239248,203386
1970-01-01 01:00:08.746,239115,203338
1970-01-01 01:00:08.796,239189,203347
1970-01-01 01:00:08.846,239097,203274
1970-01-01 01:00:08.896,238717,203061
1970-01-01 01:00:08.946,238062,202784
1970-01-01 01:00:08.996,237854,202812
1970-01-01 01:00:09.046,238019,202877
1970-01-01 01:00:09.096,237902,202829
1970-01-01 01:00:09.146,237948,202835
1970-01-01 01:00:09.196,238070,202909
1970-01-01 01:00:09.246,238020,202872
1970-01-01 01:00:09.296,238048,202793
1970-01-01 01:00:09.346,238039,202735
1970-01-01 01:00:09.396,238160,202717
1970-01-01 01:00:09.446,238243,202773
1970-01-01 01:00:09.496,238382,202785
1970-01-01 01:00:09.546,238493,202878
1970-01-01 01:00:09.596,238567,202865
1970-01-01 01:00:09.646,238516,202736
1970-01-01 01:00:09.696,237992,202515
1970-01-01 01:00:09.746,237760,202478
1970-01-01 01:00:09.796,238121,202871
1970-01-01 01:00:09.846,238721,203252
1970-01-01 01:00:09.896,239007,203402
1970-01-01 01:00:09.946,239117,203438
1970-01-01 01:00:09.996,239044,203369
1970-01-01 01:00:10.046,238918,203262
1970-01-01 01:00:10.096,238898,203094
1970-01-01 01:00:10.146,238944,202976
1970-01-01 01:00:10.196,238982,202954
1970-01-01 01:00:10.246,239080,203005
1970-01-01 01:00:10.296,239390,203178
1970-01-01 01:00:10.346,239505,203139
1970-01-01 01:00:10.396,239653,203115
1970-01-01 01:00:10.446,239307,202974
1970-01-01 01:00:10.496,238724,202756
1970-01-01 01:00:10.546,238819,202700
1970-01-01 01:00:10.596,238858,202678
1970-01-01 01:00:10.646,239179,202919
1970-01-01 01:00:10.696,239282,202981
1970-01-01 01:00:10.746,239262,203036
1970-01-01 01:00:10.796,239195,202967
1970-01-01 01:00:10.846,239260,203013
1970-01-01 01:00:10.896,239447,203086
1970-01-01 01:00:10.946,239465,203131
1970-01-01 01:00:10.996,239323,202942
1970-01-01 01:00:11.046,239225,202903
1970-01-01 01:00:11.096,239269,203057
1970-01-01 01:00:11.146,238856,202934
1970-01-01 01:00:11.196,238446,202807
1970-01-01 01:00:11.246,238617,202861
1970-01-01 01:00:11.296,238868,202999
1970-01-01 01:00:11.346,239025,203029
1970-01-01 01:00:11.396,239062,203042
1970-01-01 01:00:11.446,238893,202915
1970-01-01 01:00:11.496,238782,202843
1970-01-01 01:00:11.546,238779,202770
1970-01-01 01:00:11.596,238817,202714
1970-01-01 01:00:11.646,239041,202888
1970-01-01 01:00:11.696,239158,202970
1970-01-01 01:00:11.746,239176,202961
1970-01-01 01:00:11.796,238795,202793
1970-01-01 01:00:11.846,238264,202631
1970-01-01 01:00:11.896,238158,202562
1970-01-01 01:00:11.946,238292,202624
1970-01-01 01:00:11.996,238439,202674
1970-01-01 01:00:12.046,238570,202756
1970-01-01 01:00:12.096,238622,202783
1970-01-01 01:00:12.146,238607,202817
1970-01-01 01:00:12.196,238587,202779
1970-01-01 01:00:12.246,238647,202768
1970-01-01 01:00:12.296,238802,202859
1970-01-01 01:00:12.346,238828,202853
1970-01-01 01:00:12.396,238933,202906
1970-01-01 01:00:12.446,238662,202793
1970-01-01 01:00:12.496,238300,202673
1970-01-01 01:00:12.546,238305,202630
1970-01-01 01:00:12.596,238525,202721
1970-01-01 01:00:12.646,238656,202772
1970-01-01 01:00:12.696,238719,202822
1970-01-01 01:00:12.746,238655,202799
1970-01-01 01:00:12.796,238615,202736
1970-01-01 01:00:12.846,238659,202730
1970-01-01 01:00:12.896,238671,202663
1970-01-01 01:00:12.946,238756,202709
1970-01-01 01:00:12.997,238844,202743
1970-01-01 01:00:13.046,238690,202704
1970-01-01 01:00:13.096,238082,202459
1970-01-01 01:00:13.146,238065,202489
1970-01-01 01:00:13.196,238150,202519
1970-01-01 01:00:13.246,238182,202558
1970-01-01 01:00:13.296,238207,202527
1970-01-01 01:00:13.346,238138,202542
1970-01-01 01:00:13.396,238096,202484
1970-01-01 01:00:13.446,238127,202514
1970-01-01 01:00:13.496,238152,202545
1970-01-01 01:00:13.546,238251,202566
1970-01-01 01:00:13.596,238371,202617
1970-01-01 01:00:13.646,238368,202614
1970-01-01 01:00:13.696,237788,202393
1970-01-01 01:00:13.746,237541,202340
1970-01-01 01:00:13.796,237572,202315
1970-01-01 01:00:13.846,237558,202304
1970-01-01 01:00:13.896,237626,202388
1970-01-01 01:00:13.946,237673,202404
1970-01-01 01:00:13.996,237656,202387
1970-01-01 01:00:14.046,237699,202399
1970-01-01 01:00:14.096,237790,202430
1970-01-01 01:00:14.146,237743,202350
1970-01-01 01:00:14.196,237749,202307
1970-01-01 01:00:14.246,237729,202342
1970-01-01 01:00:14.296,237778,202306
1970-01-01 01:00:14.346,237764,202473
1970-01-01 01:00:14.396,237254,202368
1970-01-01 01:00:14.446,237066,202367
1970-01-01 01:00:14.496,237147,202451
1970-01-01 01:00:14.546,237090,202440
1970-01-01 01:00:14.596,237202,202492
1970-01-01 01:00:14.646,237166,202457
1970-01-01 01:00:14.696,237077,202375
1970-01-01 01:00:14.746,237149,202379
1970-01-01 01:00:14.796,237483,202582
1970-01-01 01:00:14.846,237751,202736
1970-01-01 01:00:14.896,237815,202734
1970-01-01 01:00:14.946,238266,203161
1970-01-01 01:00:14.996,238450,203236
1970-01-01 01:00:15.046,238267,203182
1970-01-01 01:00:15.096,238163,203084
1970-01-01 01:00:15.146,237446,202828
1970-01-01 01:00:15.196,236580,202440
1970-01-01 01:00:15.246,236305,202372
1970-01-01 01:00:15.296,236132,202279
1970-01-01 01:00:15.346,236078,202225
1970-01-01 01:00:15.396,236215,202313
1970-01-01 01:00:15.446,236303,202440
1970-01-01 01:00:15.496,236305,202449
1970-01-01 01:00:15.546,236351,202419
1970-01-01 01:00:15.596,236350,202379
1970-01-01 01:00:15.646,236252,202306
1970-01-01 01:00:15.696,236317,202259
1970-01-01 01:00:15.746,236288,202231
1970-01-01 01:00:15.796,236438,202267
1970-01-01 01:00:15.846,236632,202436
1970-01-01 01:00:15.896,236706,202427
1970-01-01 01:00:15.946,236389,202240
1970-01-01 01:00:15.996,235655,201968
1970-01-01 01:00:16.046,235490,201916
1970-01-01 01:00:16.096,235908,202185
1970-01-01 01:00:16.146,236495,202463
1970-01-01 01:00:16.196,236319,202343
1970-01-01 01:00:16.246,236259,202229
1970-01-01 01:00:16.296,236215,202260
1970-01-01 01:00:16.346,236217,202267
1970-01-01 01:00:16.396,236334,202338
1970-01-01 01:00:16.446,236453,202391
1970-01-01 01:00:16.496,236694,202518
1970-01-01 01:00:16.546,236746,202534
1970-01-01 01:00:16.596,236714,202439
1970-01-01 01:00:16.646,236713,202378
1970-01-01 01:00:16.696,236376,202218
1970-01-01 01:00:16.746,235871,202093
1970-01-01 01:00:16.796,235854,202128
1970-01-01 01:00:16.846,235960,202135
1970-01-01 01:00:16.896,236155,202276
1970-01-01 01:00:16.946,236443,202395
1970-01-01 01:00:16.996,236501,202383
1970-01-01 01:00:17.046,236557,202398
1970-01-01 01:00:17.096,236732,202406
1970-01-01 01:00:17.146,236800,202443
1970-01-01 01:00:17.196,237035,202546
1970-01-01 01:00:17.246,237143,202592
1970-01-01 01:00:17.296,237423,202782
1970-01-01 01:00:17.346,237760,202970
1970-01-01 01:00:17.396,237474,202770
1970-01-01 01:00:17.446,236852,202541
1970-01-01 01:00:17.496,236450,202313
1970-01-01 01:00:17.546,236507,202352
1970-01-01 01:00:17.596,236844,202564
1970-01-01 01:00:17.646,237099,202750
1970-01-01 01:00:17.696,237013,202711
1970-01-01 01:00:17.746,236874,202626
1970-01-01 01:00:17.796,236707,202517
1970-01-01 01:00:17.846,236818,202561
1970-01-01 01:00:17.896,236937,202587
1970-01-01 01:00:17.946,237037,202599
1970-01-01 01:00:17.996,237064,202567
1970-01-01 01:00:18.046,237101,202598
1970-01-01 01:00:18.096,236911,202540
1970-01-01 01:00:18.146,236308,202330
1970-01-01 01:00:18.196,235991,202228
1970-01-01 01:00:18.246,235983,202201
1970-01-01 01:00:18.296,236096,202212
1970-01-01 01:00:18.346,236204,202191
1970-01-01 01:00:18.396,236298,202216
1970-01-01 01:00:18.446,236267,202185
1970-01-01 01:00:18.496,236240,202239
1970-01-01 01:00:18.546,236304,202272
1970-01-01 01:00:18.596,236383,202307
1970-01-01 01:00:18.646,236419,202270
1970-01-01 01:00:18.696,236554,202309
1970-01-01 01:00:18.746,236703,202304
1970-01-01 01:00:18.796,236759,202355
1970-01-01 01:00:18.846,236409,202215
1970-01-01 01:00:18.896,236135,202126
1970-01-01 01:00:18.946,236243,202185
1970-01-01 01:00:18.996,236324,202160
1970-01-01 01:00:19.046,236447,202262
1970-01-01 01:00:19.096,236480,202249
1970-01-01 01:00:19.146,236487,202378
1970-01-01 01:00:19.196,236597,202400
1970-01-01 01:00:19.246,236618,202382
1970-01-01 01:00:19.296,236674,202383
1970-01-01 01:00:19.346,236712,202351
1970-01-01 01:00:19.396,236641,202204
1970-01-01 01:00:19.446,236685,202230
1970-01-01 01:00:19.496,236649,202228
1970-01-01 01:00:19.546,235992,201934
1970-01-01 01:00:19.596,235469,201806
1970-01-01 01:00:19.646,235466,201767
1970-01-01 01:00:19.696,235532,201766
1970-01-01 01:00:19.746,235537,201747
1970-01-01 01:00:19.796,235537,201746
1970-01-01 01:00:19.846,235622,201867
1970-01-01 01:00:19.896,235766,201920
1970-01-01 01:00:19.946,235948,202008
1970-01-01 01:00:19.996,236102,202118
1970-01-01 01:00:20.046,236279,202194
1970-01-01 01:00:20.096,236351,202200
1970-01-01 01:00:20.146,236401,202181
1970-01-01 01:00:20.196,236580,202251
1970-01-01 01:00:20.246,236654,202246
1970-01-01 01:00:20.296,236069,202024
1970-01-01 01:00:20.346,235746,201930
1970-01-01 01:00:20.396,235806,201959
1970-01-01 01:00:20.446,235910,201962
1970-01-01 01:00:20.496,235892,201934
1970-01-01 01:00:20.546,235800,201902
1970-01-01 01:00:20.596,235728,201850
1970-01-01 01:00:20.646,235802,201874
1970-01-01 01:00:20.696,235824,201823
1970-01-01 01:00:20.746,235937,201888
1970-01-01 01:00:20.796,236172,201992
1970-01-01 01:00:20.846,236262,202051
1970-01-01 01:00:20.896,236283,202088
1970-01-01 01:00:20.946,236359,202143
1970-01-01 01:00:20.996,235963,201986
1970-01-01 01:00:21.046,235171,201698
1970-01-01 01:00:21.096,234855,201583
1970-01-01 01:00:21.146,234855,201551
1970-01-01 01:00:21.196,234956,201589
1970-01-01 01:00:21.246,235110,201691
1970-01-01 01:00:21.296,235226,201841
1970-01-01 01:00:21.346,235288,201859
1970-01-01 01:00:21.396,235223,201758
1970-01-01 01:00:21.446,235139,201649
1970-01-01 01:00:21.496,235263,201708
1970-01-01 01:00:21.546,235339,201700
1970-01-01 01:00:21.596,235406,201709
1970-01-01 01:00:21.646,235528,201733
1970-01-01 01:00:21.696,235295,201636
1970-01-01 01:00:21.746,234673,201461
1970-01-01 01:00:21.796,234567,201399
1970-01-01 01:00:21.846,234593,201445
1970-01-01 01:00:21.896,234764,201516
1970-01-01 01:00:21.946,234924,201606
1970-01-01 01:00:21.996,234927,201628
1970-01-01 01:00:22.046,234981,201694
1970-01-01 01:00:22.096,235161,201762
1970-01-01 01:00:22.146,235288,201790
1970-01-01 01:00:22.196,235243,201728
1970-01-01 01:00:22.246,235241,201693
1970-01-01 01:00:22.296,235370,201721
1970-01-01 01:00:22.346,235458,201752
1970-01-01 01:00:22.396,235383,201745
1970-01-01 01:00:22.446,234715,201552
1970-01-01 01:00:22.496,234379,201408
1970-01-01 01:00:22.546,234366,201345
1970-01-01 01:00:22.596,234310,201254
1970-01-01 01:00:22.646,234230,201192
1970-01-01 01:00:22.696,234238,201196
1970-01-01 01:00:22.746,234284,201242
1970-01-01 01:00:22.796,234313,201235
1970-01-01 01:00:22.846,234418,201326
1970-01-01 01:00:22.896,234474,201351
1970-01-01 01:00:22.946,234433,201223
1970-01-01 01:00:22.996,234345,201140
1970-01-01 01:00:23.046,234426,201121
1970-01-01 01:00:23.096,234380,201098
1970-01-01 01:00:23.146,233966,200962
1970-01-01 01:00:23.196,233650,200861
1970-01-01 01:00:23.246,233778,200886
1970-01-01 01:00:23.296,234076,200996
1970-01-01 01:00:23.346,234366,201146
1970-01-01 01:00:23.396,234745,201373
1970-01-01 01:00:23.446,234844,201466
1970-01-01 01:00:23.496,235036,201530
1970-01-01 01:00:23.546,235151,201635
1970-01-01 01:00:23.596,235348,201696
1970-01-01 01:00:23.646,235580,201792
1970-01-01 01:00:23.696,235728,201821
1970-01-01 01:00:23.746,235881,201919
1970-01-01 01:00:23.796,235856,201850
1970-01-01 01:00:23.846,235214,201584
1970-01-01 01:00:23.896,234367,201321
1970-01-01 01:00:23.946,234074,201231
1970-01-01 01:00:23.996,234179,201273
1970-01-01 01:00:24.046,234274,201308
1970-01-01 01:00:24.096,234360,201337
1970-01-01 01:00:24.146,234343,201382
1970-01-01 01:00:24.196,234354,201336
1970-01-01 01:00:24.246,234316,201298
1970-01-01 01:00:24.296,234339,201237
1970-01-01 01:00:24.346,234522,201311
1970-01-01 01:00:24.396,234656,201351
1970-01-01 01:00:24.446,234801,201452
1970-01-01 01:00:24.496,234938,201531
1970-01-01 01:00:24.546,234613,201398
1970-01-01 01:00:24.596,234076,201257
1970-01-01 01:00:24.646,233954,201182
1970-01-01 01:00:24.696,234061,201211
1970-01-01 01:00:24.746,234189,201215
1970-01-01 01:00:24.796,234152,201132
1970-01-01 01:00:24.846,234028,201079
1970-01-01 01:00:24.896,234057,201064
1970-01-01 01:00:24.946,234286,201214
1970-01-01 01:00:24.996,234703,201397
1970-01-01 01:00:25.047,234912,201518
1970-01-01 01:00:25.096,234974,201549
1970-01-01 01:00:25.146,234994,201515
1970-01-01 01:00:25.196,235023,201498
1970-01-01 01:00:25.246,235220,201653
1970-01-01 01:00:25.296,234875,201582
1970-01-01 01:00:25.346,234755,201422
1970-01-01 01:00:25.396,234278,201386
1970-01-01 01:00:25.446,234109,201332
1970-01-01 01:00:25.496,234038,201247
1970-01-01 01:00:25.546,234097,201231
1970-01-01 01:00:25.596,234143,201321
1970-01-01 01:00:25.646,234360,201398
1970-01-01 01:00:25.696,234417,201417
1970-01-01 01:00:25.746,234481,201426
1970-01-01 01:00:25.797,234578,201479
1970-01-01 01:00:25.846,234766,201502
1970-01-01 01:00:25.896,234844,201487
1970-01-01 01:00:25.946,235025,201518
1970-01-01 01:00:25.996,235045,201562
1970-01-01 01:00:26.046,234605,201521
1970-01-01 01:00:26.096,234490,201498
1970-01-01 01:00:26.146,234510,201426
1970-01-01 01:00:26.196,234475,201358
1970-01-01 01:00:26.246,234483,201317
1970-01-01 01:00:26.296,234279,201171
1970-01-01 01:00:26.346,234272,201171
1970-01-01 01:00:26.396,234376,201272
1970-01-01 01:00:26.446,234552,201366
1970-01-01 01:00:26.496,234713,201494
1970-01-01 01:00:26.546,234819,201525
1970-01-01 01:00:26.596,234825,201484
1970-01-01 01:00:26.646,234704,201349
1970-01-01 01:00:26.696,234461,201252
1970-01-01 01:00:26.746,233740,200994
1970-01-01 01:00:26.796,233363,200927
1970-01-01 01:00:26.846,233442,201087
1970-01-01 01:00:26.896,233621,201187
1970-01-01 01:00:26.946,233613,201102
1970-01-01 01:00:26.996,233457,201040
1970-01-01 01:00:27.046,233218,200917
1970-01-01 01:00:27.096,232793,200793
1970-01-01 01:00:27.146,232349,200715
1970-01-01 01:00:27.196,232367,200923
1970-01-01 01:00:27.246,232778,201292
1970-01-01 01:00:27.296,232979,201393
1970-01-01 01:00:27.346,233045,201489
1970-01-01 01:00:27.396,232977,201416
1970-01-01 01:00:27.446,232248,201161
1970-01-01 01:00:27.496,230934,200740
1970-01-01 01:00:27.546,230419,200545
1970-01-01 01:00:27.596,230044,200339
1970-01-01 01:00:27.646,229669,200143
1970-01-01 01:00:27.696,228911,199908
1970-01-01 01:00:27.746,228828,199846
1970-01-01 01:00:27.796,229010,199877
1970-01-01 01:00:27.846,229456,199944
1970-01-01 01:00:27.896,230385,200246
1970-01-01 01:00:27.946,230818,200194
1970-01-01 01:00:27.996,230695,200043
1970-01-01 01:00:28.046,231300,200339
1970-01-01 01:00:28.096,231488,200219
1970-01-01 01:00:28.146,231681,200291
1970-01-01 01:00:28.196,231545,200211
1970-01-01 01:00:28.246,231019,199952
1970-01-01 01:00:28.296,230874,199867
1970-01-01 01:00:28.346,230939,199847
1970-01-01 01:00:28.396,231144,200011
1970-01-01 01:00:28.446,231489,200207
1970-01-01 01:00:28.496,231754,200553
1970-01-01 01:00:28.546,232127,200746
1970-01-01 01:00:28.596,232585,200902
1970-01-01 01:00:28.646,232736,200954
1970-01-01 01:00:28.696,232871,201001
1970-01-01 01:00:28.746,233021,201091
1970-01-01 01:00:28.796,233145,201178
1970-01-01 01:00:28.846,233130,201172
1970-01-01 01:00:28.896,232562,201007
1970-01-01 01:00:28.946,231758,200774
1970-01-01 01:00:28.996,231472,200707
1970-01-01 01:00:29.046,231769,200752
1970-01-01 01:00:29.096,232077,200862
1970-01-01 01:00:29.146,232335,200994
1970-01-01 01:00:29.196,232354,200982
1970-01-01 01:00:29.246,232345,200992
1970-01-01 01:00:29.296,232486,201051
1970-01-01 01:00:29.346,232782,201227
1970-01-01 01:00:29.396,233049,201312
1970-01-01 01:00:29.446,233389,201458
1970-01-01 01:00:29.496,233746,201581
1970-01-01 01:00:29.546,233409,201500
1970-01-01 01:00:29.596,233193,201491
1970-01-01 01:00:29.646,233283,201544
1970-01-01 01:00:29.696,233494,201577
1970-01-01 01:00:29.746,233649,201638
1970-01-01 01:00:29.796,233726,201502
1970-01-01 01:00:29.846,233799,201436
1970-01-01 01:00:29.896,234035,201511
1970-01-01 01:00:29.946,234293,201661
1970-01-01 01:00:29.996,234311,201726
1970-01-01 01:00:30.046,234195,201656
1970-01-01 01:00:30.096,233973,201505
1970-01-01 01:00:30.146,233608,201210
1970-01-01 01:00:30.196,233154,201076
1970-01-01 01:00:30.246,233317,201232
1970-01-01 01:00:30.296,233722,201448
1970-01-01 01:00:30.346,233733,201529
1970-01-01 01:00:30.396,233750,201610
1970-01-01 01:00:30.446,233572,201593
1970-01-01 01:00:30.496,233412,201554
1970-01-01 01:00:30.546,233477,201566
1970-01-01 01:00:30.596,233663,201518
1970-01-01 01:00:30.646,233827,201535
1970-01-01 01:00:30.696,234123,201722
1970-01-01 01:00:30.746,234378,201884
1970-01-01 01:00:30.796,234404,201910
1970-01-01 01:00:30.846,233675,201642
1970-01-01 01:00:30.896,233090,201427
1970-01-01 01:00:30.946,233033,201381
1970-01-01 01:00:30.996,233221,201431
1970-01-01 01:00:31.046,233467,201533
1970-01-01 01:00:31.096,233529,201502
1970-01-01 01:00:31.146,233480,201550
1970-01-01 01:00:31.196,233475,201495
1970-01-01 01:00:31.246,233678,201576
1970-01-01 01:00:31.296,233942,201691
1970-01-01 01:00:31.346,234102,201829
1970-01-01 01:00:31.396,234189,201827
1970-01-01 01:00:31.446,234216,201776
1970-01-01 01:00:31.496,234348,201817
1970-01-01 01:00:31.546,234190,201733
1970-01-01 01:00:31.596,233766,201644
1970-01-01 01:00:31.646,233631,201609
1970-01-01 01:00:31.696,233799,201688
1970-01-01 01:00:31.746,233893,201724
1970-01-01 01:00:31.796,234007,201739
1970-01-01 01:00:31.846,234028,201725
1970-01-01 01:00:31.896,234003,201775
1970-01-01 01:00:31.946,234121,201799
1970-01-01 01:00:31.996,234177,201824
1970-01-01 01:00:32.046,234309,201848
1970-01-01 01:00:32.096,234417,201850
1970-01-01 01:00:32.146,234502,201870
1970-01-01 01:00:32.196,234531,201831
1970-01-01 01:00:32.246,234641,201878
1970-01-01 01:00:32.296,234553,201825
1970-01-01 01:00:32.346,234058,201678
1970-01-01 01:00:32.396,233720,201558
1970-01-01 01:00:32.446,233862,201568
1970-01-01 01:00:32.496,233993,201663
1970-01-01 01:00:32.546,234109,201723
1970-01-01 01:00:32.596,234199,201755
1970-01-01 01:00:32.646,234216,201782
1970-01-01 01:00:32.696,234292,201793
1970-01-01 01:00:32.746,234447,201810
1970-01-01 01:00:32.796,234522,201848
1970-01-01 01:00:32.846,234660,201908
1970-01-01 01:00:32.896,234722,201910
1970-01-01 01:00:32.946,234828,201931
1970-01-01 01:00:32.996,234896,201952
1970-01-01 01:00:33.046,234402,201777
1970-01-01 01:00:33.096,233794,201583
1970-01-01 01:00:33.146,233659,201510
1970-01-01 01:00:33.196,233690,201482
1970-01-01 01:00:33.246,233688,201419
1970-01-01 01:00:33.296,233792,201430
1970-01-01 01:00:33.346,233792,201456
1970-01-01 01:00:33.396,233932,201542
1970-01-01 01:00:33.446,234124,201594
1970-01-01 01:00:33.496,234300,201598
1970-01-01 01:00:33.546,234450,201668
1970-01-01 01:00:33.596,234511,201711
1970-01-01 01:00:33.646,234598,201732
1970-01-01 01:00:33.696,234685,201748
1970-01-01 01:00:33.746,234692,201743
1970-01-01 01:00:33.796,234445,201628
1970-01-01 01:00:33.846,233894,201436
1970-01-01 01:00:33.896,233879,201495
1970-01-01 01:00:33.946,233949,201473
1970-01-01 01:00:33.996,234085,201536
1970-01-01 01:00:34.046,234175,201610
1970-01-01 01:00:34.096,234147,201607
1970-01-01 01:00:34.146,234108,201598
1970-01-01 01:00:34.196,234242,201714
1970-01-01 01:00:34.246,234646,201947
1970-01-01 01:00:34.296,234723,202010
1970-01-01 01:00:34.346,234621,201877
1970-01-01 01:00:34.396,234490,201789
1970-01-01 01:00:34.446,234405,201679
1970-01-01 01:00:34.496,234641,201844
1970-01-01 01:00:34.546,234904,201910
1970-01-01 01:00:34.596,234958,201958
1970-01-01 01:00:34.646,234391,201851
1970-01-01 01:00:34.696,234087,201880
1970-01-01 01:00:34.746,234162,201948
1970-01-01 01:00:34.796,234253,202005
1970-01-01 01:00:34.846,234422,202138
1970-01-01 01:00:34.896,234642,202269
1970-01-01 01:00:34.946,234793,202377
1970-01-01 01:00:34.996,234955,202469
1970-01-01 01:00:35.046,235205,202482
1970-01-01 01:00:35.096,235356,202530
1970-01-01 01:00:35.146,235418,202530
1970-01-01 01:00:35.196,235580,202636
1970-01-01 01:00:35.246,235796,202799
1970-01-01 01:00:35.296,235880,202863
1970-01-01 01:00:35.346,235765,202836
1970-01-01 01:00:35.396,235200,202586
1970-01-01 01:00:35.446,234649,202435
1970-01-01 01:00:35.496,234493,202303
1970-01-01 01:00:35.546,234482,202235
1970-01-01 01:00:35.596,234537,202201
1970-01-01 01:00:35.646,234656,202244
1970-01-01 01:00:35.696,234739,202350
1970-01-01 01:00:35.746,234755,202378
1970-01-01 01:00:35.796,234829,202390
1970-01-01 01:00:35.846,234906,202411
1970-01-01 01:00:35.896,235086,202446
1970-01-01 01:00:35.946,235213,202460
1970-01-01 01:00:35.996,235327,202536
1970-01-01 01:00:36.046,235394,202548
1970-01-01 01:00:36.096,235155,202473
1970-01-01 01:00:36.146,234663,202286
1970-01-01 01:00:36.196,234410,202190
1970-01-01 01:00:36.246,234471,202209
1970-01-01 01:00:36.296,234577,202233
1970-01-01 01:00:36.346,234652,202214
1970-01-01 01:00:36.396,234607,202198
1970-01-01 01:00:36.447,234685,202194
1970-01-01 01:00:36.496,234852,202267
1970-01-01 01:00:36.546,235074,202358
1970-01-01 01:00:36.596,235231,202364
1970-01-01 01:00:36.646,235287,202387
1970-01-01 01:00:36.696,235377,202410
1970-01-01 01:00:36.746,235498,202464
1970-01-01 01:00:36.796,235485,202471
1970-01-01 01:00:36.846,235037,202301
1970-01-01 01:00:36.896,234567,202144
1970-01-01 01:00:36.946,234651,202170
1970-01-01 01:00:36.996,234727,202191
1970-01-01 01:00:37.046,234821,202175
1970-01-01 01:00:37.096,234820,202201
1970-01-01 01:00:37.146,234856,202218
1970-01-01 01:00:37.196,234943,202248
1970-01-01 01:00:37.246,234977,202269
1970-01-01 01:00:37.296,234997,202223
1970-01-01 01:00:37.346,235061,202243
1970-01-01 01:00:37.396,235156,202240
1970-01-01 01:00:37.446,235234,202266
1970-01-01 01:00:37.496,235267,202274
1970-01-01 01:00:37.546,235341,202264
1970-01-01 01:00:37.596,235238,202240
1970-01-01 01:00:37.646,234767,202023
1970-01-01 01:00:37.696,234232,201871
1970-01-01 01:00:37.746,234242,201826
1970-01-01 01:00:37.796,234306,201870
1970-01-01 01:00:37.846,234406,201896
1970-01-01 01:00:37.896,234413,201891
1970-01-01 01:00:37.946,234387,201897
1970-01-01 01:00:37.996,234491,201900
1970-01-01 01:00:38.046,234620,201954
1970-01-01 01:00:38.096,234778,202027
1970-01-01 01:00:38.146,234956,202161
1970-01-01 01:00:38.196,235061,202170
1970-01-01 01:00:38.246,235178,202209
1970-01-01 01:00:38.296,235275,202263
1970-01-01 01:00:38.346,235418,202290
1970-01-01 01:00:38.396,235551,202391
1970-01-01 01:00:38.446,235689,202386
1970-01-01 01:00:38.496,235867,202455
1970-01-01 01:00:38.546,235369,202298
1970-01-01 01:00:38.596,235087,202272
1970-01-01 01:00:38.646,235136,202247
1970-01-01 01:00:38.696,235287,202299
1970-01-01 01:00:38.746,235355,202347
1970-01-01 01:00:38.796,235452,202364
1970-01-01 01:00:38.846,235537,202372
1970-01-01 01:00:38.896,235685,202426
1970-01-01 01:00:38.946,235814,202395
1970-01-01 01:00:38.996,236028,202419
1970-01-01 01:00:39.046,236273,202504
1970-01-01 01:00:39.096,236444,202598
1970-01-01 01:00:39.146,236601,202602
1970-01-01 01:00:39.196,236706,202620
1970-01-01 01:00:39.246,236744,202602
1970-01-01 01:00:39.296,236754,202616
1970-01-01 01:00:39.346,236770,202607
1970-01-01 01:00:39.396,236712,202581
1970-01-01 01:00:39.446,235979,202340
1970-01-01 01:00:39.496,235718,202262
1970-01-01 01:00:39.546,235765,202295
1970-01-01 01:00:39.596,235847,202310
1970-01-01 01:00:39.646,235940,202324
1970-01-01 01:00:39.696,235855,202327
1970-01-01 01:00:39.746,235876,202306
1970-01-01 01:00:39.796,235933,202376
1970-01-01 01:00:39.846,236015,202388
1970-01-01 01:00:39.896,236119,202413
1970-01-01 01:00:39.946,236155,202427
1970-01-01 01:00:39.996,236218,202376
1970-01-01 01:00:40.046,236297,202389
1970-01-01 01:00:40.096,236338,202408
1970-01-01 01:00:40.146,236358,202452
1970-01-01 01:00:40.196,236352,202422
1970-01-01 01:00:40.246,235851,202286
1970-01-01 01:00:40.296,235660,202180
1970-01-01 01:00:40.346,235769,202233
1970-01-01 01:00:40.396,235900,202278
1970-01-01 01:00:40.446,236023,202296
1970-01-01 01:00:40.496,236000,202326
1970-01-01 01:00:40.546,235954,202294
1970-01-01 01:00:40.596,235933,202289
1970-01-01 01:00:40.646,236047,202330
1970-01-01 01:00:40.696,236070,202330
1970-01-01 01:00:40.746,236100,202344
1970-01-01 01:00:40.796,236035,202245
1970-01-01 01:00:40.846,236010,202186
1970-01-01 01:00:40.896,236080,202139
1970-01-01 01:00:40.946,236098,202098
1970-01-01 01:00:40.996,235966,202045
1970-01-01 01:00:41.046,235382,201809
1970-01-01 01:00:41.096,235111,201723
1970-01-01 01:00:41.146,235126,201704
1970-01-01 01:00:41.196,235167,201746
1970-01-01 01:00:41.246,235239,201769
1970-01-01 01:00:41.296,235112,201715
1970-01-01 01:00:41.346,235004,201677
1970-01-01 01:00:41.396,235001,201668
1970-01-01 01:00:41.446,235099,201698
1970-01-01 01:00:41.496,235235,201757
1970-01-01 01:00:41.546,235417,201869
1970-01-01 01:00:41.596,235599,201937
1970-01-01 01:00:41.646,235586,202006
1970-01-01 01:00:41.696,235655,202010
1970-01-01 01:00:41.746,235745,202097
1970-01-01 01:00:41.796,235707,202068
1970-01-01 01:00:41.846,235152,201911
1970-01-01 01:00:41.896,234657,201750
1970-01-01 01:00:41.946,234664,201734
1970-01-01 01:00:41.996,234750,201824
1970-01-01 01:00:42.046,234907,201898
1970-01-01 01:00:42.096,234909,201942
1970-01-01 01:00:42.146,234878,201894
1970-01-01 01:00:42.196,234862,201872
1970-01-01 01:00:42.246,234861,201813
1970-01-01 01:00:42.296,234908,201792
1970-01-01 01:00:42.346,235001,201849
1970-01-01 01:00:42.396,235119,201827
1970-01-01 01:00:42.446,235276,201883
1970-01-01 01:00:42.496,235515,201976
1970-01-01 01:00:42.546,235632,202044
1970-01-01 01:00:42.596,235674,202029
1970-01-01 01:00:42.646,235144,201811
1970-01-01 01:00:42.696,234895,201777
1970-01-01 01:00:42.746,235056,201824
1970-01-01 01:00:42.796,235150,201825
1970-01-01 01:00:42.846,235286,201916
1970-01-01 01:00:42.896,235293,201879
1970-01-01 01:00:42.946,235332,201958
1970-01-01 01:00:42.996,235438,201982
1970-01-01 01:00:43.046,235552,202022
1970-01-01 01:00:43.096,235793,202027
1970-01-01 01:00:43.146,235807,201985
1970-01-01 01:00:43.196,235956,201995
1970-01-01 01:00:43.246,236085,202031
1970-01-01 01:00:43.296,236206,202096
1970-01-01 01:00:43.346,236366,202119
1970-01-01 01:00:43.396,236379,202169
1970-01-01 01:00:43.446,236575,202181
1970-01-01 01:00:43.496,236186,202043
1970-01-01 01:00:43.546,235699,201927
1970-01-01 01:00:43.596,235680,201893
1970-01-01 01:00:43.646,235727,201901
1970-01-01 01:00:43.696,235729,201924
1970-01-01 01:00:43.746,235771,201966
1970-01-01 01:00:43.796,235770,201917
1970-01-01 01:00:43.846,235748,201936
1970-01-01 01:00:43.896,235860,201972
1970-01-01 01:00:43.946,235958,201933
1970-01-01 01:00:43.996,236083,202011
1970-01-01 01:00:44.046,236122,202030
1970-01-01 01:00:44.096,236220,202045
1970-01-01 01:00:44.146,236337,202064
1970-01-01 01:00:44.196,236395,202092
1970-01-01 01:00:44.246,236599,202183
1970-01-01 01:00:44.296,236739,202183
1970-01-01 01:00:44.346,236860,202262
1970-01-01 01:00:44.396,237049,202377
1970-01-01 01:00:44.446,237139,202325
1970-01-01 01:00:44.496,236354,202128
1970-01-01 01:00:44.546,236285,202077
1970-01-01 01:00:44.596,236497,202144
1970-01-01 01:00:44.646,236544,202148
1970-01-01 01:00:44.696,236673,202120
1970-01-01 01:00:44.746,236611,202089
1970-01-01 01:00:44.796,236588,202059
1970-01-01 01:00:44.846,236708,202081
1970-01-01 01:00:44.896,236793,202127
1970-01-01 01:00:44.946,237036,202182
1970-01-01 01:00:44.996,237133,202196
1970-01-01 01:00:45.046,237275,202236
1970-01-01 01:00:45.096,237322,202246
1970-01-01 01:00:45.146,237382,202282
1970-01-01 01:00:45.196,237428,202264
1970-01-01 01:00:45.246,237475,202275
1970-01-01 01:00:45.296,237621,202334
1970-01-01 01:00:45.346,237627,202361
1970-01-01 01:00:45.396,236917,202085
1970-01-01 01:00:45.446,236639,202048
1970-01-01 01:00:45.496,236738,202081
1970-01-01 01:00:45.546,236831,202084
1970-01-01 01:00:45.596,236829,202105
1970-01-01 01:00:45.646,236887,202134
1970-01-01 01:00:45.696,236843,202107
1970-01-01 01:00:45.746,236899,202112
1970-01-01 01:00:45.796,236969,202166
1970-01-01 01:00:45.846,237100,202187
1970-01-01 01:00:45.896,237190,202209
1970-01-01 01:00:45.946,237324,202263
1970-01-01 01:00:45.996,237415,202304
1970-01-01 01:00:46.046,237474,202288
1970-01-01 01:00:46.096,237503,202279
1970-01-01 01:00:46.146,237613,202340
1970-01-01 01:00:46.196,237696,202353
1970-01-01 01:00:46.246,237695,202344
1970-01-01 01:00:46.296,237021,202077
1970-01-01 01:00:46.346,236815,202014
1970-01-01 01:00:46.396,236904,202032
1970-01-01 01:00:46.446,236955,202051
1970-01-01 01:00:46.496,237079,202101
1970-01-01 01:00:46.546,237108,202088
1970-01-01 01:00:46.596,237103,202076
1970-01-01 01:00:46.646,237145,202103
1970-01-01 01:00:46.696,237306,202156
1970-01-01 01:00:46.746,237430,202170
1970-01-01 01:00:46.796,237549,202209
1970-01-01 01:00:46.846,237652,202243
1970-01-01 01:00:46.896,237726,202273
1970-01-01 01:00:46.946,237757,202276
1970-01-01 01:00:46.996,237845,202277
1970-01-01 01:00:47.046,237947,202300
1970-01-01 01:00:47.097,237981,202305
1970-01-01 01:00:47.146,238029,202323
1970-01-01 01:00:47.196,238024,202340
1970-01-01 01:00:47.246,237298,202054
1970-01-01 01:00:47.296,237030,201982
1970-01-01 01:00:47.346,237108,201963
1970-01-01 01:00:47.396,237159,201978
1970-01-01 01:00:47.446,237150,202009
1970-01-01 01:00:47.496,237196,201978
1970-01-01 01:00:47.546,237134,201974
1970-01-01 01:00:47.596,237163,202006
1970-01-01 01:00:47.646,237253,202027
1970-01-01 01:00:47.696,237378,202061
1970-01-01 01:00:47.746,237488,202117
1970-01-01 01:00:47.796,237553,202086
1970-01-01 01:00:47.846,237602,202068
1970-01-01 01:00:47.896,237674,202072
1970-01-01 01:00:47.946,237735,202134
1970-01-01 01:00:47.996,237774,202158
1970-01-01 01:00:48.046,237881,202143
1970-01-01 01:00:48.096,237982,202188
1970-01-01 01:00:48.146,238015,202196
1970-01-01 01:00:48.196,237884,202118
1970-01-01 01:00:48.246,237228,201912
1970-01-01 01:00:48.296,237084,201871
1970-01-01 01:00:48.346,237224,201917
1970-01-01 01:00:48.396,237281,201949
1970-01-01 01:00:48.446,237393,201951
1970-01-01 01:00:48.496,237419,201955
1970-01-01 01:00:48.546,237407,201937
1970-01-01 01:00:48.596,237510,201989
1970-01-01 01:00:48.646,237682,202044
1970-01-01 01:00:48.696,237829,202066
1970-01-01 01:00:48.746,237948,202134
1970-01-01 01:00:48.796,238035,202157
1970-01-01 01:00:48.846,238068,202157
1970-01-01 01:00:48.896,238093,202171
1970-01-01 01:00:48.946,238094,202158
1970-01-01 01:00:48.996,238225,202222
1970-01-01 01:00:49.046,238394,202293
1970-01-01 01:00:49.096,238012,202176
1970-01-01 01:00:49.146,237344,201921
1970-01-01 01:00:49.196,237216,201878
1970-01-01 01:00:49.246,237336,201893
1970-01-01 01:00:49.296,237382,201865
1970-01-01 01:00:49.346,237360,201896
1970-01-01 01:00:49.396,237344,201833
1970-01-01 01:00:49.446,237292,201857
1970-01-01 01:00:49.496,237423,201843
1970-01-01 01:00:49.546,237488,201903
1970-01-01 01:00:49.596,237633,201972
1970-01-01 01:00:49.646,237744,202013
1970-01-01 01:00:49.696,237780,202026
1970-01-01 01:00:49.746,237878,202050
1970-01-01 01:00:49.796,237892,202074
1970-01-01 01:00:49.846,238018,202145
1970-01-01 01:00:49.896,238061,202110
1970-01-01 01:00:49.946,237433,201881
1970-01-01 01:00:49.996,237045,201813
1970-01-01 01:00:50.046,237092,201769
1970-01-01 01:00:50.096,237146,201768
1970-01-01 01:00:50.146,237173,201776
1970-01-01 01:00:50.196,237228,201787
1970-01-01 01:00:50.246,237164,201782
1970-01-01 01:00:50.296,237247,201820
1970-01-01 01:00:50.346,237382,201808
1970-01-01 01:00:50.396,237476,201924
1970-01-01 01:00:50.446,237607,201973
1970-01-01 01:00:50.496,237682,201949
1970-01-01 01:00:50.546,237720,201971
1970-01-01 01:00:50.596,237725,201989
1970-01-01 01:00:50.646,237851,202000
1970-01-01 01:00:50.696,237877,202039
1970-01-01 01:00:50.746,237966,202045
1970-01-01 01:00:50.796,237745,201947
1970-01-01 01:00:50.846,236991,201702
1970-01-01 01:00:50.896,236826,201691
1970-01-01 01:00:50.946,236869,201676
1970-01-01 01:00:50.996,236881,201656
1970-01-01 01:00:51.046,236896,201703
1970-01-01 01:00:51.096,236885,201669
1970-01-01 01:00:51.146,236814,201663
1970-01-01 01:00:51.196,236871,201659
1970-01-01 01:00:51.246,236956,201716
1970-01-01 01:00:51.296,237026,201719
1970-01-01 01:00:51.346,237094,201736
1970-01-01 01:00:51.396,237119,201775
1970-01-01 01:00:51.446,237197,201757
1970-01-01 01:00:51.496,237253,201807
1970-01-01 01:00:51.546,237341,201828
1970-01-01 01:00:51.596,237385,201854
1970-01-01 01:00:51.646,237462,201845
1970-01-01 01:00:51.696,237587,201858
1970-01-01 01:00:51.746,237254,201745
1970-01-01 01:00:51.796,236640,201550
1970-01-01 01:00:51.846,236577,201506
1970-01-01 01:00:51.896,236685,201547
1970-01-01 01:00:51.946,236718,201581
1970-01-01 01:00:51.996,236837,201620
1970-01-01 01:00:52.046,236846,201608
1970-01-01 01:00:52.096,236811,201603
1970-01-01 01:00:52.146,236925,201644
1970-01-01 01:00:52.196,237047,201670
1970-01-01 01:00:52.246,237165,201716
1970-01-01 01:00:52.296,237338,201718
1970-01-01 01:00:52.346,237410,201746
1970-01-01 01:00:52.396,237537,201789
1970-01-01 01:00:52.446,237675,201859
1970-01-01 01:00:52.496,237801,201889
1970-01-01 01:00:52.546,237892,201905
1970-01-01 01:00:52.596,238009,201950
1970-01-01 01:00:52.646,238150,202007
1970-01-01 01:00:52.696,238181,202014
1970-01-01 01:00:52.746,238195,202014
1970-01-01 01:00:52.796,237535,201736
1970-01-01 01:00:52.846,236989,201562
1970-01-01 01:00:52.896,236993,201554
1970-01-01 01:00:52.946,237079,201604
1970-01-01 01:00:52.996,237097,201612
1970-01-01 01:00:53.046,237100,201609
1970-01-01 01:00:53.096,237056,201599
1970-01-01 01:00:53.146,237117,201616
1970-01-01 01:00:53.196,237281,201693
1970-01-01 01:00:53.246,237432,201688
1970-01-01 01:00:53.296,237483,201761
1970-01-01 01:00:53.346,237565,201803
1970-01-01 01:00:53.396,237641,201809
1970-01-01 01:00:53.446,237678,201823
1970-01-01 01:00:53.496,237770,201843
1970-01-01 01:00:53.546,237859,201864
1970-01-01 01:00:53.596,237967,201885
1970-01-01 01:00:53.646,238058,201895
1970-01-01 01:00:53.696,238068,201889
1970-01-01 01:00:53.746,237923,201820
1970-01-01 01:00:53.796,237209,201577
1970-01-01 01:00:53.846,236957,201517
1970-01-01 01:00:53.896,237060,201542
1970-01-01 01:00:53.946,237050,201508
1970-01-01 01:00:53.996,237061,201550
1970-01-01 01:00:54.046,237070,201546
1970-01-01 01:00:54.096,237051,201568
1970-01-01 01:00:54.146,237097,201546
1970-01-01 01:00:54.196,237213,201614
1970-01-01 01:00:54.246,237350,201654
1970-01-01 01:00:54.296,237445,201659
1970-01-01 01:00:54.346,237450,201635
1970-01-01 01:00:54.396,237491,201682
1970-01-01 01:00:54.446,237578,201694
1970-01-01 01:00:54.496,237655,201723
1970-01-01 01:00:54.546,237679,201741
1970-01-01 01:00:54.596,237823,201769
1970-01-01 01:00:54.646,237886,201823
1970-01-01 01:00:54.696,238007,201859
1970-01-01 01:00:54.746,238138,201914
1970-01-01 01:00:54.796,238104,201876
1970-01-01 01:00:54.846,237452,201668
1970-01-01 01:00:54.896,237171,201562
1970-01-01 01:00:54.946,237258,201579
1970-01-01 01:00:54.996,237270,201540
1970-01-01 01:00:55.046,237317,201549
1970-01-01 01:00:55.096,237345,201529
1970-01-01 01:00:55.146,237342,201545
1970-01-01 01:00:55.196,237412,201558
1970-01-01 01:00:55.246,237589,201594
1970-01-01 01:00:55.296,237750,201707
1970-01-01 01:00:55.346,237719,201668
1970-01-01 01:00:55.396,237701,201665
1970-01-01 01:00:55.446,237741,201662
1970-01-01 01:00:55.496,237788,201725
1970-01-01 01:00:55.546,237828,201697
1970-01-01 01:00:55.596,237820,201698
1970-01-01 01:00:55.646,237906,201716
1970-01-01 01:00:55.696,237894,201698
1970-01-01 01:00:55.746,237877,201693
1970-01-01 01:00:55.796,237291,201466
1970-01-01 01:00:55.846,236852,201354
1970-01-01 01:00:55.896,236911,201370
1970-01-01 01:00:55.946,236958,201412
1970-01-01 01:00:55.996,236998,201422
1970-01-01 01:00:56.046,237035,201418
1970-01-01 01:00:56.096,237040,201427
1970-01-01 01:00:56.146,237058,201418
1970-01-01 01:00:56.196,237104,201464
1970-01-01 01:00:56.246,237205,201510
1970-01-01 01:00:56.296,237241,201568
1970-01-01 01:00:56.346,237330,201566
1970-01-01 01:00:56.396,237404,201556
1970-01-01 01:00:56.446,237435,201556
1970-01-01 01:00:56.496,237474,201566
1970-01-01 01:00:56.546,237469,201508
1970-01-01 01:00:56.596,237524,201549
1970-01-01 01:00:56.646,237008,201320
1970-01-01 01:00:56.696,236520,201178
1970-01-01 01:00:56.746,236469,201196
1970-01-01 01:00:56.796,236562,201199
1970-01-01 01:00:56.846,236551,201235
1970-01-01 01:00:56.896,236573,201221
1970-01-01 01:00:56.946,236571,201199
1970-01-01 01:00:56.996,236570,201237
1970-01-01 01:00:57.046,236654,201262
1970-01-01 01:00:57.096,236727,201295
1970-01-01 01:00:57.146,236921,201324
1970-01-01 01:00:57.196,236963,201314
1970-01-01 01:00:57.246,237031,201344
1970-01-01 01:00:57.296,237088,201349
1970-01-01 01:00:57.346,237142,201339
1970-01-01 01:00:57.396,237200,201402
1970-01-01 01:00:57.446,237294,201397
1970-01-01 01:00:57.496,237165,201335
1970-01-01 01:00:57.546,236527,201155
1970-01-01 01:00:57.596,236333,201082
1970-01-01 01:00:57.646,236411,201106
1970-01-01 01:00:57.696,236417,201130
1970-01-01 01:00:57.746,236517,201183
1970-01-01 01:00:57.796,236553,201188
1970-01-01 01:00:57.846,236503,201150
1970-01-01 01:00:57.896,236544,201169
1970-01-01 01:00:57.946,236603,201204
1970-01-01 01:00:57.996,236703,201255
1970-01-01 01:00:58.046,236815,201279
1970-01-01 01:00:58.096,236909,201301
1970-01-01 01:00:58.146,236987,201328
1970-01-01 01:00:58.196,237110,201344
1970-01-01 01:00:58.246,237245,201399
1970-01-01 01:00:58.296,237405,201466
1970-01-01 01:00:58.346,237538,201440
1970-01-01 01:00:58.396,237604,201490
1970-01-01 01:00:58.446,237617,201447
1970-01-01 01:00:58.496,236927,201220
1970-01-01 01:00:58.546,236703,201141
1970-01-01 01:00:58.596,236820,201168
1970-01-01 01:00:58.646,236906,201207
1970-01-01 01:00:58.696,236906,201243
1970-01-01 01:00:58.746,236847,201194
1970-01-01 01:00:58.796,236832,201195
1970-01-01 01:00:58.846,236889,201232
1970-01-01 01:00:58.896,237024,201286
1970-01-01 01:00:58.946,237164,201321
1970-01-01 01:00:58.996,237319,201383
1970-01-01 01:00:59.046,237330,201421
1970-01-01 01:00:59.096,237404,201452
1970-01-01 01:00:59.146,237420,201431
1970-01-01 01:00:59.196,237444,201433
1970-01-01 01:00:59.246,237499,201459
1970-01-01 01:00:59.296,237549,201489
1970-01-01 01:00:59.346,236998,201253
1970-01-01 01:00:59.396,236561,201147
1970-01-01 01:00:59.446,236544,201133
1970-01-01 01:00:59.496,236615,201199
1970-01-01 01:00:59.546,236643,201194
1970-01-01 01:00:59.596,236705,201235
1970-01-01 01:00:59.646,236663,201213
1970-01-01 01:00:59.696,236683,201209
1970-01-01 01:00:59.746,236795,201287
1970-01-01 01:00:59.796,236877,201283
1970-01-01 01:00:59.846,236966,201245
1970-01-01 01:00:59.896,236994,201282
1970-01-01 01:00:59.946,237037,201303
1970-01-01 01:00:59.996,237069,201273
1970-01-01 01:01:00.046,237115,201291
1970-01-01 01:01:00.096,237235,201324
1970-01-01 01:01:00.146,237329,201316
1970-01-01 01:01:00.196,237168,201182
1970-01-01 01:01:00.246,236488,200973
1970-01-01 01:01:00.296,236234,200880
1970-01-01 01:01:00.346,236283,200912
1970-01-01 01:01:00.396,236287,200941
1970-01-01 01:01:00.446,236362,200965
1970-01-01 01:01:00.496,236421,200970
1970-01-01 01:01:00.546,236415,200985
1970-01-01 01:01:00.596,236563,201051
1970-01-01 01:01:00.646,236699,201134
1970-01-01 01:01:00.696,236885,201211
1970-01-01 01:01:00.746,237047,201245
1970-01-01 01:01:00.796,237193,201275
1970-01-01 01:01:00.846,237350,201348
1970-01-01 01:01:00.896,237433,201383
1970-01-01 01:01:00.946,237563,201422
1970-01-01 01:01:00.996,237690,201447
1970-01-01 01:01:01.046,237732,201408
1970-01-01 01:01:01.096,237033,201200
1970-01-01 01:01:01.146,236797,201081
1970-01-01 01:01:01.196,236911,201155
1970-01-01 01:01:01.246,237006,201226
1970-01-01 01:01:01.296,237110,201211
1970-01-01 01:01:01.346,237159,201213
1970-01-01 01:01:01.396,237136,201247
1970-01-01 01:01:01.446,237188,201226
1970-01-01 01:01:01.496,237306,201277
1970-01-01 01:01:01.546,237452,201319
1970-01-01 01:01:01.596,237512,201379
1970-01-01 01:01:01.646,237615,201385
1970-01-01 01:01:01.696,237669,201404
1970-01-01 01:01:01.746,237679,201426
1970-01-01 01:01:01.796,237765,201442
1970-01-01 01:01:01.846,237797,201496
1970-01-01 01:01:01.896,237580,201439
1970-01-01 01:01:01.946,236927,201162
1970-01-01 01:01:01.996,236739,201124
1970-01-01 01:01:02.046,236807,201147
1970-01-01 01:01:02.096,236856,201212
1970-01-01 01:01:02.146,236964,201203
1970-01-01 01:01:02.196,236944,201195
1970-01-01 01:01:02.246,236853,201192
1970-01-01 01:01:02.296,236934,201239
1970-01-01 01:01:02.346,237006,201260
1970-01-01 01:01:02.396,237104,201244
1970-01-01 01:01:02.446,237188,201295
1970-01-01 01:01:02.496,237181,201257
1970-01-01 01:01:02.546,237253,201241
1970-01-01 01:01:02.596,237291,201266
1970-01-01 01:01:02.646,237391,201292
1970-01-01 01:01:02.696,237531,201350
1970-01-01 01:01:02.746,237616,201395
1970-01-01 01:01:02.796,237507,201309
1970-01-01 01:01:02.846,236847,201137
1970-01-01 01:01:02.896,236532,201027
1970-01-01 01:01:02.946,236591,201030
1970-01-01 01:01:02.996,236565,201007
1970-01-01 01:01:03.046,236607,200999
1970-01-01 01:01:03.096,236592,200959
1970-01-01 01:01:03.146,236509,200954
1970-01-01 01:01:03.196,236614,200996
1970-01-01 01:01:03.246,236774,201056
1970-01-01 01:01:03.296,236842,201101
1970-01-01 01:01:03.346,236942,201090
1970-01-01 01:01:03.396,237077,201141
1970-01-01 01:01:03.446,237139,201200
1970-01-01 01:01:03.496,237228,201291
1970-01-01 01:01:03.546,237305,201274
1970-01-01 01:01:03.596,237458,201308
1970-01-01 01:01:03.646,237630,201425
1970-01-01 01:01:03.696,237802,201436
1970-01-01 01:01:03.746,237974,201515
1970-01-01 01:01:03.796,237921,201460
1970-01-01 01:01:03.846,237191,201218
1970-01-01 01:01:03.896,236979,201215
1970-01-01 01:01:03.946,236987,201177
1970-01-01 01:01:03.996,237063,201189
1970-01-01 01:01:04.046,237192,201212
1970-01-01 01:01:04.096,237240,201286
1970-01-01 01:01:04.146,237126,201231
1970-01-01 01:01:04.196,237147,201201
1970-01-01 01:01:04.246,237196,201226
1970-01-01 01:01:04.296,237274,201211
1970-01-01 01:01:04.346,237331,201250
1970-01-01 01:01:04.396,237477,201279
1970-01-01 01:01:04.446,237576,201306
1970-01-01 01:01:04.496,237644,201309
1970-01-01 01:01:04.546,237652,201347
1970-01-01 01:01:04.596,237724,201386
1970-01-01 01:01:04.646,237842,201436
1970-01-01 01:01:04.696,237950,201488
1970-01-01 01:01:04.746,237356,201315
1970-01-01 01:01:04.796,236935,201150
1970-01-01 01:01:04.846,236899,201130
1970-01-01 01:01:04.896,236997,201158
1970-01-01 01:01:04.946,237013,201149
1970-01-01 01:01:04.996,237019,201183
1970-01-01 01:01:05.046,236993,201161
1970-01-01 01:01:05.096,236933,201175
1970-01-01 01:01:05.146,237039,201220
1970-01-01 01:01:05.196,237137,201253
1970-01-01 01:01:05.246,237200,201249
1970-01-01 01:01:05.296,237224,201239
1970-01-01 01:01:05.346,237194,201283
1970-01-01 01:01:05.396,237251,201289
1970-01-01 01:01:05.446,237292,201358
1970-01-01 01:01:05.496,237363,201385
1970-01-01 01:01:05.546,237338,201370
1970-01-01 01:01:05.596,237389,201424
1970-01-01 01:01:05.646,237170,201297
1970-01-01 01:01:05.696,236362,201034
1970-01-01 01:01:05.746,236188,200982
1970-01-01 01:01:05.796,236172,201037
1970-01-01 01:01:05.846,236147,200987
1970-01-01 01:01:05.896,236147,200949
1970-01-01 01:01:05.946,236105,200930
1970-01-01 01:01:05.996,236100,200915
1970-01-01 01:01:06.046,236156,200929
1970-01-01 01:01:06.096,236228,200954
1970-01-01 01:01:06.146,236262,200949
1970-01-01 01:01:06.196,236454,201006
1970-01-01 01:01:06.246,236555,201017
1970-01-01 01:01:06.296,236627,201062
1970-01-01 01:01:06.346,236785,201087
1970-01-01 01:01:06.396,236907,201174
1970-01-01 01:01:06.446,237000,201233
1970-01-01 01:01:06.496,237145,201252
1970-01-01 01:01:06.546,237268,201333
1970-01-01 01:01:06.596,236971,201198
1970-01-01 01:01:06.646,236407,200997
1970-01-01 01:01:06.696,236292,201010
1970-01-01 01:01:06.746,236387,201031
1970-01-01 01:01:06.796,236402,201001
1970-01-01 01:01:06.846,236506,201080
1970-01-01 01:01:06.896,236550,201089
1970-01-01 01:01:06.946,236554,201129
1970-01-01 01:01:06.996,236664,201162
1970-01-01 01:01:07.046,236766,201210
1970-01-01 01:01:07.096,236869,201219
1970-01-01 01:01:07.146,236966,201230
1970-01-01 01:01:07.196,236994,201261
1970-01-01 01:01:07.246,237039,201253
1970-01-01 01:01:07.296,237091,201298
1970-01-01 01:01:07.346,237140,201336
1970-01-01 01:01:07.396,237253,201394
1970-01-01 01:01:07.446,237365,201455
1970-01-01 01:01:07.496,236896,201266
1970-01-01 01:01:07.546,236425,201160
1970-01-01 01:01:07.596,236437,201161
1970-01-01 01:01:07.646,236455,201181
1970-01-01 01:01:07.696,236439,201154
1970-01-01 01:01:07.746,236427,201130
1970-01-01 01:01:07.796,236350,201109
1970-01-01 01:01:07.846,236406,201106
1970-01-01 01:01:07.896,236503,201195
1970-01-01 01:01:07.946,236646,201270
1970-01-01 01:01:07.996,236764,201291
1970-01-01 01:01:08.046,236811,201288
1970-01-01 01:01:08.096,236880,201235
1970-01-01 01:01:08.146,236838,201231
1970-01-01 01:01:08.196,236838,201072
1970-01-01 01:01:08.246,236891,201086
1970-01-01 01:01:08.296,236975,201011
1970-01-01 01:01:08.346,236995,201003
1970-01-01 01:01:08.396,237221,201015
1970-01-01 01:01:08.446,237085,200950
1970-01-01 01:01:08.496,236574,200863
1970-01-01 01:01:08.546,236539,200946
1970-01-01 01:01:08.596,236551,200889
1970-01-01 01:01:08.646,236608,200980
1970-01-01 01:01:08.696,236708,201025
1970-01-01 01:01:08.746,236767,201086
1970-01-01 01:01:08.796,236817,201067
1970-01-01 01:01:08.846,236821,201062
1970-01-01 01:01:08.896,236962,201087
1970-01-01 01:01:08.946,237126,201122
1970-01-01 01:01:08.996,237259,201177
1970-01-01 01:01:09.046,237425,201253
1970-01-01 01:01:09.096,237635,201304
1970-01-01 01:01:09.146,237721,201354
1970-01-01 01:01:09.196,237817,201381
1970-01-01 01:01:09.246,237881,201416
1970-01-01 01:01:09.296,238000,201464
1970-01-01 01:01:09.346,237956,201409
1970-01-01 01:01:09.396,237241,201158
1970-01-01 01:01:09.446,237048,201067
1970-01-01 01:01:09.496,237084,201078
1970-01-01 01:01:09.546,237262,201101
1970-01-01 01:01:09.596,237231,201124
1970-01-01 01:01:09.646,237223,201071
1970-01-01 01:01:09.696,237183,201053
1970-01-01 01:01:09.746,237231,201093
1970-01-01 01:01:09.796,237363,201160
1970-01-01 01:01:09.846,237475,201180
1970-01-01 01:01:09.896,237564,201221
1970-01-01 01:01:09.946,237592,201247
1970-01-01 01:01:09.996,237653,201238
1970-01-01 01:01:10.046,237641,201206
1970-01-01 01:01:10.096,237700,201298
1970-01-01 01:01:10.146,237743,201294
1970-01-01 01:01:10.196,237583,201222
1970-01-01 01:01:10.246,236943,200959
1970-01-01 01:01:10.296,236718,200905
1970-01-01 01:01:10.346,236781,200925
1970-01-01 01:01:10.396,236820,200947
1970-01-01 01:01:10.446,236863,200983
1970-01-01 01:01:10.496,236901,200998
1970-01-01 01:01:10.547,236848,201016
1970-01-01 01:01:10.596,236965,201005
1970-01-01 01:01:10.646,237028,201043
1970-01-01 01:01:10.696,237172,201127
1970-01-01 01:01:10.746,237277,201174
1970-01-01 01:01:10.796,237359,201205
1970-01-01 01:01:10.846,237415,201218
1970-01-01 01:01:10.896,237415,201207
1970-01-01 01:01:10.946,237478,201211
1970-01-01 01:01:10.996,237571,201249
1970-01-01 01:01:11.046,237634,201288
1970-01-01 01:01:11.096,237315,201141
1970-01-01 01:01:11.146,236820,200953
1970-01-01 01:01:11.196,236683,200959
1970-01-01 01:01:11.246,236793,200976
1970-01-01 01:01:11.296,236856,201003
1970-01-01 01:01:11.346,236864,201006
1970-01-01 01:01:11.396,236882,201044
1970-01-01 01:01:11.446,236879,201040
1970-01-01 01:01:11.496,236937,201085
1970-01-01 01:01:11.546,237040,201101
1970-01-01 01:01:11.596,237201,201148
1970-01-01 01:01:11.646,237267,201161
1970-01-01 01:01:11.696,237329,201175
1970-01-01 01:01:11.746,237402,201192
1970-01-01 01:01:11.796,237472,201223
1970-01-01 01:01:11.846,237549,201259
1970-01-01 01:01:11.896,237636,201280
1970-01-01 01:01:11.946,237701,201304
1970-01-01 01:01:11.996,237867,201328
1970-01-01 01:01:12.046,237613,201236
1970-01-01 01:01:12.096,237025,201016
1970-01-01 01:01:12.146,237009,201055
1970-01-01 01:01:12.196,237177,201106
1970-01-01 01:01:12.246,237234,201137
1970-01-01 01:01:12.296,237366,201180
1970-01-01 01:01:12.346,237376,201164
1970-01-01 01:01:12.396,237361,201192
1970-01-01 01:01:12.446,237463,201207
1970-01-01 01:01:12.496,237645,201235
1970-01-01 01:01:12.546,237757,201260
1970-01-01 01:01:12.596,237873,201314
1970-01-01 01:01:12.646,237871,201269
1970-01-01 01:01:12.696,237918,201261
1970-01-01 01:01:12.746,237979,201289
1970-01-01 01:01:12.796,238118,201334
1970-01-01 01:01:12.846,238136,201352
1970-01-01 01:01:12.896,238201,201372
1970-01-01 01:01:12.946,238259,201352
1970-01-01 01:01:12.996,237586,201093
1970-01-01 01:01:13.046,237190,200940
1970-01-01 01:01:13.096,237187,200958
1970-01-01 01:01:13.146,237266,200976
1970-01-01 01:01:13.196,237245,201007
1970-01-01 01:01:13.246,237285,201001
1970-01-01 01:01:13.296,237225,200965
1970-01-01 01:01:13.346,237259,200993
1970-01-01 01:01:13.396,237305,201019
1970-01-01 01:01:13.446,237401,201096
1970-01-01 01:01:13.496,237516,201070
1970-01-01 01:01:13.546,237591,201092
1970-01-01 01:01:13.596,237686,201154
1970-01-01 01:01:13.646,237697,201158
1970-01-01 01:01:13.696,237787,201170
1970-01-01 01:01:13.746,237835,201149
1970-01-01 01:01:13.796,237885,201193
1970-01-01 01:01:13.846,237872,201170
1970-01-01 01:01:13.896,237211,200941
1970-01-01 01:01:13.946,236845,200846
1970-01-01 01:01:13.996,236891,200838
1970-01-01 01:01:14.046,236894,200836
1970-01-01 01:01:14.096,236865,200813
1970-01-01 01:01:14.146,236873,200799
1970-01-01 01:01:14.196,236815,200777
1970-01-01 01:01:14.246,236842,200802
1970-01-01 01:01:14.296,236922,200867
1970-01-01 01:01:14.346,237044,200851
1970-01-01 01:01:14.396,237089,200913
1970-01-01 01:01:14.446,237150,200928
1970-01-01 01:01:14.496,237241,200943
1970-01-01 01:01:14.546,237296,200994
1970-01-01 01:01:14.596,237357,200980
1970-01-01 01:01:14.646,237420,200991
1970-01-01 01:01:14.696,237466,200946
1970-01-01 01:01:14.746,237319,200868
1970-01-01 01:01:14.796,236734,200678
1970-01-01 01:01:14.846,236474,200615
1970-01-01 01:01:14.896,236529,200639
1970-01-01 01:01:14.946,236586,200689
1970-01-01 01:01:14.996,236618,200642
1970-01-01 01:01:15.046,236659,200704
1970-01-01 01:01:15.096,236648,200729
1970-01-01 01:01:15.146,236749,200792
1970-01-01 01:01:15.196,236889,200854
1970-01-01 01:01:15.246,237122,200950
1970-01-01 01:01:15.296,237257,200978
1970-01-01 01:01:15.346,237413,201047
1970-01-01 01:01:15.396,237563,201078
1970-01-01 01:01:15.446,237655,201127
1970-01-01 01:01:15.496,237803,201155
1970-01-01 01:01:15.546,237867,201154
1970-01-01 01:01:15.596,237964,201184
1970-01-01 01:01:15.646,237991,201243
1970-01-01 01:01:15.696,237539,201004
1970-01-01 01:01:15.746,236963,200860
1970-01-01 01:01:15.796,236917,200905
1970-01-01 01:01:15.846,237043,200931
1970-01-01 01:01:15.896,237066,200964
1970-01-01 01:01:15.946,237117,200985
1970-01-01 01:01:15.996,237040,200938
1970-01-01 01:01:16.046,236958,200878
1970-01-01 01:01:16.096,236983,200906
1970-01-01 01:01:16.146,237082,200928
1970-01-01 01:01:16.196,237139,200927
1970-01-01 01:01:16.246,237190,200971
1970-01-01 01:01:16.296,237299,201005
1970-01-01 01:01:16.346,237382,201066
1970-01-01 01:01:16.396,237399,201044
1970-01-01 01:01:16.446,237406,201043
1970-01-01 01:01:16.496,237401,201000
1970-01-01 01:01:16.546,237250,200890
1970-01-01 01:01:16.596,236506,200636
1970-01-01 01:01:16.646,236176,200456
1970-01-01 01:01:16.696,236250,200463
1970-01-01 01:01:16.746,236314,200496
1970-01-01 01:01:16.796,236410,200522
1970-01-01 01:01:16.846,236332,200484
1970-01-01 01:01:16.896,236279,200414
1970-01-01 01:01:16.946,236281,200462
1970-01-01 01:01:16.996,236348,200485
1970-01-01 01:01:17.046,236409,200514
1970-01-01 01:01:17.096,236585,200556
1970-01-01 01:01:17.146,236644,200604
1970-01-01 01:01:17.196,236704,200614
1970-01-01 01:01:17.246,236744,200648
1970-01-01 01:01:17.296,236766,200644
1970-01-01 01:01:17.346,236825,200659
1970-01-01 01:01:17.396,236800,200675
1970-01-01 01:01:17.446,236215,200492
1970-01-01 01:01:17.496,235963,200433
1970-01-01 01:01:17.546,235968,200400
1970-01-01 01:01:17.596,236029,200427
1970-01-01 01:01:17.646,236015,200408
1970-01-01 01:01:17.696,236032,200430
1970-01-01 01:01:17.746,235962,200429
1970-01-01 01:01:17.796,236088,200480
1970-01-01 01:01:17.846,236244,200550
1970-01-01 01:01:17.896,236398,200640
1970-01-01 01:01:17.946,236563,200641
1970-01-01 01:01:17.996,236656,200759
1970-01-01 01:01:18.046,236730,200747
1970-01-01 01:01:18.096,236768,200754
1970-01-01 01:01:18.146,236838,200747
1970-01-01 01:01:18.196,236937,200785
1970-01-01 01:01:18.246,236879,200758
1970-01-01 01:01:18.296,236225,200559
1970-01-01 01:01:18.346,235932,200482
1970-01-01 01:01:18.396,235971,200481
1970-01-01 01:01:18.446,235932,200437
1970-01-01 01:01:18.496,235941,200434
1970-01-01 01:01:18.546,235903,200412
1970-01-01 01:01:18.596,235932,200493
1970-01-01 01:01:18.646,236006,200538
1970-01-01 01:01:18.696,236144,200587
1970-01-01 01:01:18.746,236301,200689
1970-01-01 01:01:18.796,236486,200769
1970-01-01 01:01:18.846,236594,200824
1970-01-01 01:01:18.896,236728,200897
1970-01-01 01:01:18.946,236890,200941
1970-01-01 01:01:18.996,236934,200995
1970-01-01 01:01:19.046,237055,201003
1970-01-01 01:01:19.096,236872,200935
1970-01-01 01:01:19.146,236243,200746
1970-01-01 01:01:19.196,235995,200664
1970-01-01 01:01:19.246,235983,200680
1970-01-01 01:01:19.296,235983,200647
1970-01-01 01:01:19.346,236070,200665
1970-01-01 01:01:19.396,236068,200675
1970-01-01 01:01:19.446,236034,200626
1970-01-01 01:01:19.496,236102,200687
1970-01-01 01:01:19.546,236265,200729
1970-01-01 01:01:19.596,236356,200790
1970-01-01 01:01:19.646,236430,200795
1970-01-01 01:01:19.696,236549,200800
1970-01-01 01:01:19.746,236541,200817
1970-01-01 01:01:19.796,236598,200819
1970-01-01 01:01:19.846,236703,200844
1970-01-01 01:01:19.896,236738,200844
1970-01-01 01:01:19.946,236796,200830
1970-01-01 01:01:19.996,236854,200884
1970-01-01 01:01:20.046,236857,200848
1970-01-01 01:01:20.096,236493,200682
1970-01-01 01:01:20.146,235952,200592
1970-01-01 01:01:20.196,235957,200603
1970-01-01 01:01:20.246,236017,200653
1970-01-01 01:01:20.296,236031,200664
1970-01-01 01:01:20.346,236101,200697
1970-01-01 01:01:20.396,236085,200697
1970-01-01 01:01:20.446,236181,200745
1970-01-01 01:01:20.496,236256,200749
1970-01-01 01:01:20.546,236332,200809
1970-01-01 01:01:20.596,236471,200834
1970-01-01 01:01:20.646,236619,200862
1970-01-01 01:01:20.696,236707,200921
1970-01-01 01:01:20.746,236795,200923
1970-01-01 01:01:20.796,236876,200980
1970-01-01 01:01:20.846,237115,201077
1970-01-01 01:01:20.896,237332,201154
1970-01-01 01:01:20.946,237416,201188
1970-01-01 01:01:20.996,237563,201253
1970-01-01 01:01:21.046,237779,201327
1970-01-01 01:01:21.096,237810,201340
1970-01-01 01:01:21.146,237410,201146
1970-01-01 01:01:21.196,236894,201022
1970-01-01 01:01:21.246,236904,201028
1970-01-01 01:01:21.296,237029,201076
1970-01-01 01:01:21.346,236951,201038
1970-01-01 01:01:21.396,236973,201018
1970-01-01 01:01:21.446,236846,200967
1970-01-01 01:01:21.496,236865,200951
1970-01-01 01:01:21.546,236952,201024
1970-01-01 01:01:21.596,237029,201061
1970-01-01 01:01:21.646,237167,201092
1970-01-01 01:01:21.696,237237,201113
1970-01-01 01:01:21.746,237344,201222
1970-01-01 01:01:21.796,237366,201195
1970-01-01 01:01:21.846,237456,201232
1970-01-01 01:01:21.896,237579,201278
1970-01-01 01:01:21.946,237710,201377
1970-01-01 01:01:21.996,237773,201360
1970-01-01 01:01:22.046,237768,201404
1970-01-01 01:01:22.096,237235,201192
1970-01-01 01:01:22.146,236605,200955
1970-01-01 01:01:22.196,236424,200890
1970-01-01 01:01:22.246,236471,200889
1970-01-01 01:01:22.296,236541,200942
1970-01-01 01:01:22.346,236612,201038
1970-01-01 01:01:22.396,236627,201042
1970-01-01 01:01:22.446,236650,201083
1970-01-01 01:01:22.496,236696,201106
1970-01-01 01:01:22.546,236821,201126
1970-01-01 01:01:22.596,236916,201101
1970-01-01 01:01:22.646,236954,201086
1970-01-01 01:01:22.696,237074,201094
1970-01-01 01:01:22.746,237095,201087
1970-01-01 01:01:22.796,237222,201154
1970-01-01 01:01:22.846,237345,201226
1970-01-01 01:01:22.896,237418,201251
1970-01-01 01:01:22.946,237466,201258
1970-01-01 01:01:22.996,237244,201145
1970-01-01 01:01:23.046,236610,200937
1970-01-01 01:01:23.096,236370,200791
1970-01-01 01:01:23.146,236448,200848
1970-01-01 01:01:23.196,236543,200874
1970-01-01 01:01:23.246,236631,200914
1970-01-01 01:01:23.296,236625,200883
1970-01-01 01:01:23.346,236617,200845
1970-01-01 01:01:23.396,236729,200915
1970-01-01 01:01:23.446,236978,201091
1970-01-01 01:01:23.496,237128,201117
1970-01-01 01:01:23.546,237187,201202
1970-01-01 01:01:23.596,237249,201192
1970-01-01 01:01:23.646,237239,201219
1970-01-01 01:01:23.696,237266,201205
1970-01-01 01:01:23.746,237270,201245
1970-01-01 01:01:23.796,237322,201257
1970-01-01 01:01:23.846,237366,201265
1970-01-01 01:01:23.896,237155,201086
1970-01-01 01:01:23.946,236585,200969
1970-01-01 01:01:23.996,236290,200850
1970-01-01 01:01:24.046,236347,200841
1970-01-01 01:01:24.096,236410,200870
1970-01-01 01:01:24.146,236441,200887
1970-01-01 01:01:24.196,236358,200805
1970-01-01 01:01:24.246,236250,200776
1970-01-01 01:01:24.296,236294,200788
1970-01-01 01:01:24.346,236298,200800
1970-01-01 01:01:24.396,236383,200832
1970-01-01 01:01:24.446,236480,200868
1970-01-01 01:01:24.496,236609,200958
1970-01-01 01:01:24.546,236686,200980
1970-01-01 01:01:24.596,236843,201105
1970-01-01 01:01:24.646,236999,201155
1970-01-01 01:01:24.696,237070,201156
1970-01-01 01:01:24.746,236720,201075
1970-01-01 01:01:24.796,236147,200851
1970-01-01 01:01:24.846,236113,200820
1970-01-01 01:01:24.896,236121,200781
1970-01-01 01:01:24.946,236076,200795
1970-01-01 01:01:24.996,236109,200752
1970-01-01 01:01:25.046,236065,200742
1970-01-01 01:01:25.096,236098,200763
1970-01-01 01:01:25.146,236158,200806
1970-01-01 01:01:25.196,236269,200893
1970-01-01 01:01:25.246,236464,200954
1970-01-01 01:01:25.296,236594,201022
1970-01-01 01:01:25.346,236643,201023
1970-01-01 01:01:25.396,236740,201095
1970-01-01 01:01:25.446,236830,201096
1970-01-01 01:01:25.496,236853,201094
1970-01-01 01:01:25.546,236868,201048
1970-01-01 01:01:25.596,236741,200969
1970-01-01 01:01:25.646,236109,200813
1970-01-01 01:01:25.696,235890,200802
1970-01-01 01:01:25.746,235987,200829
1970-01-01 01:01:25.796,236050,200913
1970-01-01 01:01:25.846,236127,200994
1970-01-01 01:01:25.896,236163,200953
1970-01-01 01:01:25.946,236176,200956
1970-01-01 01:01:25.996,236372,201047
1970-01-01 01:01:26.046,236489,201044
1970-01-01 01:01:26.096,236849,201264
1970-01-01 01:01:26.146,237025,201304
1970-01-01 01:01:26.196,237184,201427
1970-01-01 01:01:26.246,237551,201634
1970-01-01 01:01:26.296,237845,201694
1970-01-01 01:01:26.346,237794,201654
1970-01-01 01:01:26.396,237626,201543
1970-01-01 01:01:26.446,237478,201393
1970-01-01 01:01:26.496,237064,201257
1970-01-01 01:01:26.546,236380,201040
1970-01-01 01:01:26.596,236191,201079
1970-01-01 01:01:26.646,236226,201093
1970-01-01 01:01:26.696,236276,201120
1970-01-01 01:01:26.746,236462,201276
1970-01-01 01:01:26.796,236515,201203
1970-01-01 01:01:26.846,236521,201228
1970-01-01 01:01:26.896,236528,201175
1970-01-01 01:01:26.946,236554,201150
1970-01-01 01:01:26.996,236696,201176
1970-01-01 01:01:27.046,236942,201201
1970-01-01 01:01:27.096,237016,201236
1970-01-01 01:01:27.146,237158,201281
1970-01-01 01:01:27.196,237310,201332
1970-01-01 01:01:27.246,237469,201340
1970-01-01 01:01:27.296,237484,201334
1970-01-01 01:01:27.346,236856,201204
1970-01-01 01:01:27.396,236659,201152
1970-01-01 01:01:27.446,236780,201227
1970-01-01 01:01:27.496,236851,201303
1970-01-01 01:01:27.546,236969,201390
1970-01-01 01:01:27.596,237053,201459
1970-01-01 01:01:27.646,237072,201566
1970-01-01 01:01:27.696,237210,201601
1970-01-01 01:01:27.746,237225,201568
1970-01-01 01:01:27.796,237161,201622
1970-01-01 01:01:27.846,237139,201713
1970-01-01 01:01:27.896,237306,201884
1970-01-01 01:01:27.946,237518,201977
1970-01-01 01:01:27.996,237730,202084
1970-01-01 01:01:28.046,237787,202057
1970-01-01 01:01:28.096,237188,201876
1970-01-01 01:01:28.146,236478,201725
1970-01-01 01:01:28.196,236012,201656
1970-01-01 01:01:28.246,235337,201324
1970-01-01 01:01:28.296,234302,200745
1970-01-01 01:01:28.346,233768,200589
1970-01-01 01:01:28.396,233175,200493
1970-01-01 01:01:28.446,232257,200089
1970-01-01 01:01:28.496,231401,199869
1970-01-01 01:01:28.546,231215,199983
1970-01-01 01:01:28.596,231094,200121
1970-01-01 01:01:28.646,230840,200146
1970-01-01 01:01:28.696,230753,200239
1970-01-01 01:01:28.746,229978,199695
1970-01-01 01:01:28.796,229718,199683
1970-01-01 01:01:28.846,229359,199488
1970-01-01 01:01:28.896,228735,198896
1970-01-01 01:01:28.946,228833,198744
1970-01-01 01:01:28.996,229360,199019
1970-01-01 01:01:29.046,229636,199354
1970-01-01 01:01:29.096,229677,199436
1970-01-01 01:01:29.146,229128,199170
1970-01-01 01:01:29.196,228202,198550
1970-01-01 01:01:29.246,227563,198162
1970-01-01 01:01:29.296,226497,197676
1970-01-01 01:01:29.346,225908,197485
1970-01-01 01:01:29.396,225660,197416
1970-01-01 01:01:29.446,225176,197384
1970-01-01 01:01:29.496,225464,197822
1970-01-01 01:01:29.546,226370,198508
1970-01-01 01:01:29.596,228513,199793
1970-01-01 01:01:29.646,230105,200610
1970-01-01 01:01:29.696,231362,201368
